2026-08-02T07:26:28.971 INFO     [pid=6327 thread=MainThread] BREADCRUMB {"event":"session_started","version":"0.15.3-background-detail-r6","executable":"","packaged":false,"working_directory":"/data/data/com.hughbechainezbyte.thefadesoffate.thefadesoffate/files/app","log_directory":"/data/data/com.hughbechainezbyte.thefadesoffate.thefadesoffate/files/app/logs"}
2026-08-02T07:26:28.973 INFO     [pid=6327 thread=MainThread] BREADCRUMB {"event":"content_update","status":"failed","updated":false,"content_root":"/data/data/com.hughbechainezbyte.thefadesoffate.thefadesoffate/files/the-fades-of-fate/content","local_revision":0,"remote_revision":0,"manifest_path":"/data/data/com.hughbechainezbyte.thefadesoffate.thefadesoffate/files/the-fades-of-fate/content/data/content-manifest.json","reason":"release feed unavailable"}
2026-08-02T07:26:33.882 INFO     [pid=6327 thread=MainThread] BREADCRUMB {"event":"scene_definition_resolved","path":"/data/data/com.hughbechainezbyte.thefadesoffate.thefadesoffate/files/app/data/chapter1_location_lock.json","sha256":"58d40c8da75afd170142bd2117f49569c2421cf4e99010d6c55c69f711650109"}
2026-08-02T07:26:33.884 INFO     [pid=6327 thread=MainThread] BREADCRUMB {"event":"level_scene_resolved","schema_version":1,"game_git_commit":"55bb5e120d79978b807b76420b65b7b5eebe157a","working_tree_dirty":false,"game_version":"0.15.3-background-detail-r6","content_git_commit":"55bb5e120d79978b807b76420b65b7b5eebe157a","content_revision":75,"content_manifest_hash":"514760e80ede5a6958ac529a739f6af3cf25138d6cfbd7112e279cda7e1a39b0","content_manifest_path":"/data/data/com.hughbechainezbyte.thefadesoffate.thefadesoffate/files/app/data/content-manifest.json","build_timestamp":"2026-08-02T07:11:00-07:00","platform":"android","active_level_id":"chapter_1_level_1","scene_definition_path":"data/chapter1_location_lock.json","scene_definition_resolved_path":"/data/data/com.hughbechainezbyte.thefadesoffate.thefadesoffate/files/app/data/chapter1_location_lock.json","scene_definition_sha256":"58d40c8da75afd170142bd2117f49569c2421cf4e99010d6c55c69f711650109","active_background_renderer":"src.pixel_art._draw_location_locked_background","canonical_asset_root":"/data/data/com.hughbechainezbyte.thefadesoffate.thefadesoffate/files/app/assets","background_layers":5,"animated_environment_entities":4,"vehicle_variants":4,"fallback_asset_used":false,"cached_asset_used":false,"artifact_match":true,"build_provenance_path":"/data/data/com.hughbechainezbyte.thefadesoffate.thefadesoffate/files/app/build_provenance.json","all_assets_resolved":true,"noncanonical_asset_used":false}
2026-08-02T07:26:33.884 INFO     [pid=6327 thread=MainThread] BREADCRUMB {"event":"scenery_asset_resolved","field":"main_panorama_asset","path":"assets/stage/chapter1_location_locked/ch1_l1_main_v2.png","resolved_path":"/data/data/com.hughbechainezbyte.thefadesoffate.thefadesoffate/files/app/assets/stage/chapter1_location_locked/ch1_l1_main_v2.png","canonical":true,"rendered":true,"sha256":"fc1e69e3b3fc6c635b7a7342cae3b7538c979dcf118a569c693121af95c62316","size":1946732,"resolved":true}
2026-08-02T07:26:33.885 INFO     [pid=6327 thread=MainThread] BREADCRUMB {"event":"scenery_asset_resolved","field":"far_asset","path":"assets/stage/chapter1_location_locked/ch1_l1_far_v2.png","resolved_path":"/data/data/com.hughbechainezbyte.thefadesoffate.thefadesoffate/files/app/assets/stage/chapter1_location_locked/ch1_l1_far_v2.png","canonical":true,"rendered":false,"sha256":"8b7a6b394531f600c5738b92d50834e9e1007d81ad10588a80d3442804a5fdb7","size":17186,"resolved":true}
2026-08-02T07:26:33.885 INFO     [pid=6327 thread=MainThread] BREADCRUMB {"event":"scenery_asset_resolved","field":"near_asset","path":"assets/stage/chapter1_location_locked/ch1_l1_near_v2.png","resolved_path":"/data/data/com.hughbechainezbyte.thefadesoffate.thefadesoffate/files/app/assets/stage/chapter1_location_locked/ch1_l1_near_v2.png","canonical":true,"rendered":false,"sha256":"96e73b6327db67084ac6753174094d60f6d898a530a7f4b2b8e99934ef36ec39","size":6170,"resolved":true}
2026-08-02T07:26:33.886 INFO     [pid=6327 thread=MainThread] BREADCRUMB {"event":"scenery_asset_resolved","field":"far_haze_asset","path":"assets/stage/chapter1_location_locked/ch1_l1_haze_v2.png","resolved_path":"/data/data/com.hughbechainezbyte.thefadesoffate.thefadesoffate/files/app/assets/stage/chapter1_location_locked/ch1_l1_haze_v2.png","canonical":true,"rendered":true,"sha256":"e6a0fe43beeb83223b42c990c1655bfe6d7f367424219190e3c925a0322cca9d","size":8990,"resolved":true}
2026-08-02T07:26:33.886 INFO     [pid=6327 thread=MainThread] BREADCRUMB {"event":"scenery_asset_resolved","field":"far_skyline_asset","path":"assets/stage/chapter1_location_locked/ch1_l1_skyline_v2.png","resolved_path":"/data/data/com.hughbechainezbyte.thefadesoffate.thefadesoffate/files/app/assets/stage/chapter1_location_locked/ch1_l1_skyline_v2.png","canonical":true,"rendered":true,"sha256":"e79a6d62710056c8f539728cd7cde0a047a6514840cc868326e1fad4dfa80b4d","size":11227,"resolved":true}
2026-08-02T07:26:33.887 INFO     [pid=6327 thread=MainThread] BREADCRUMB {"event":"scenery_asset_resolved","field":"architecture_asset","path":"assets/stage/chapter1_location_locked/ch1_l1_architecture_v2.png","resolved_path":"/data/data/com.hughbechainezbyte.thefadesoffate.thefadesoffate/files/app/assets/stage/chapter1_location_locked/ch1_l1_architecture_v2.png","canonical":true,"rendered":false,"sha256":"0c5c8badf21987ed3b323ccae19d7b8e8a3fa42dd1ad5550d07e0e2d7a81f182","size":51665,"resolved":true}
2026-08-02T07:26:33.887 INFO     [pid=6327 thread=MainThread] BREADCRUMB {"event":"scenery_asset_resolved","field":"ground_asset","path":"assets/stage/chapter1_location_locked/ch1_l1_ground_v2.png","resolved_path":"/data/data/com.hughbechainezbyte.thefadesoffate.thefadesoffate/files/app/assets/stage/chapter1_location_locked/ch1_l1_ground_v2.png","canonical":true,"rendered":true,"sha256":"e1ef9b3bf4283bb315d92c5cf498e4825ec5d75e5397c080142e373b39d36414","size":503064,"resolved":true}
2026-08-02T07:26:33.888 INFO     [pid=6327 thread=MainThread] BREADCRUMB {"event":"scenery_asset_resolved","field":"near_occluder_asset","path":"assets/stage/chapter1_location_locked/ch1_l1_near_occluder_v2.png","resolved_path":"/data/data/com.hughbechainezbyte.thefadesoffate.thefadesoffate/files/app/assets/stage/chapter1_location_locked/ch1_l1_near_occluder_v2.png","canonical":true,"rendered":true,"sha256":"96e73b6327db67084ac6753174094d60f6d898a530a7f4b2b8e99934ef36ec39","size":6170,"resolved":true}
2026-08-02T07:26:37.636 INFO     [pid=6327 thread=MainThread] BREADCRUMB {"event":"audio_initialized","mixer":[44100,-16,2],"sfx":["punch","heavy_hit","hit","whoosh","bb_gun","pickup","jump","land","dodge","super","dog","chief_bite","laugh","menu","dave_grunt_1","dave_grunt_2","dave_downed","dave_chief","shelly_grunt_1","shelly_grunt_2","shelly_downed","shelly_chief","enemy_grunt","enemy_downed"],"assets":"/data/data/com.hughbechainezbyte.thefadesoffate.thefadesoffate/files/app/assets/audio"}
2026-08-02T07:26:39.168 INFO     [pid=6327 thread=MainThread] BREADCRUMB {"event":"music_started","filename":"friday_activities_klickaud_menu.ogg","loop":true}
2026-08-02T07:26:39.172 INFO     [pid=6327 thread=MainThread] BREADCRUMB {"event":"menu_music_selected","state":"loading","frame":0,"filename":"friday_activities_klickaud_menu.ogg","started":true}
2026-08-02T07:26:39.176 INFO     [pid=6327 thread=MainThread] BREADCRUMB {"event":"game_created","version":"0.15.3-background-detail-r6","controllers":[{"instance_id":0,"name":"Android Accelerometer","guid":"05007e98416e64726f69642000000300","axis_count":3,"button_count":0,"hat_count":0,"mapped":false,"synthetic":false}]}
2026-08-02T07:26:39.181 INFO     [pid=6327 thread=MainThread] BREADCRUMB {"event":"main_loop_started","display":[2264,1080],"controllers":[{"instance_id":0,"name":"Android Accelerometer","guid":"05007e98416e64726f69642000000300","axis_count":3,"button_count":0,"hat_count":0,"mapped":false,"synthetic":false}]}
2026-08-02T07:26:39.185 INFO     [pid=6327 thread=MainThread] BREADCRUMB {"event":"frame_catchup_capped","frame_seconds":0.1}
2026-08-02T07:26:39.297 INFO     [pid=6327 thread=MainThread] BREADCRUMB {"event":"frame_catchup_capped","frame_seconds":0.1}
2026-08-02T07:26:40.934 INFO     [pid=6327 thread=MainThread] BREADCRUMB {"event":"title_ready","state":"title","frame":106}
2026-08-02T07:26:41.016 INFO     [pid=6327 thread=MainThread] BREADCRUMB {"event":"frame_catchup_capped","frame_seconds":0.082}
2026-08-02T07:26:41.933 INFO     [pid=6327 thread=MainThread] BREADCRUMB {"event":"frame_catchup_capped","frame_seconds":0.078}
2026-08-02T07:26:43.119 INFO     [pid=6327 thread=MainThread] BREADCRUMB {"event":"frame_catchup_capped","frame_seconds":0.078}
2026-08-02T07:26:43.824 INFO     [pid=6327 thread=MainThread] BREADCRUMB {"event":"frame_catchup_capped","frame_seconds":0.072}
2026-08-02T07:26:43.959 INFO     [pid=6327 thread=MainThread] BREADCRUMB {"event":"frame_catchup_capped","frame_seconds":0.079}
2026-08-02T07:26:44.319 INFO     [pid=6327 thread=MainThread] BREADCRUMB {"event":"frame_catchup_capped","frame_seconds":0.078}
2026-08-02T07:26:44.409 INFO     [pid=6327 thread=MainThread] BREADCRUMB {"event":"frame_catchup_capped","frame_seconds":0.09}
2026-08-02T07:26:52.037 INFO     [pid=6327 thread=MainThread] BREADCRUMB {"event":"frame_catchup_capped","frame_seconds":0.081}
2026-08-02T07:26:58.541 INFO     [pid=6327 thread=MainThread] BREADCRUMB {"event":"frame_catchup_capped","frame_seconds":0.072}
2026-08-02T07:26:58.681 INFO     [pid=6327 thread=MainThread] BREADCRUMB {"event":"frame_catchup_capped","frame_seconds":0.087}
2026-08-02T07:26:58.777 INFO     [pid=6327 thread=MainThread] BREADCRUMB {"event":"frame_catchup_capped","frame_seconds":0.095}
2026-08-02T07:26:59.126 INFO     [pid=6327 thread=MainThread] BREADCRUMB {"event":"frame_catchup_capped","frame_seconds":0.1}
2026-08-02T07:27:07.910 INFO     [pid=6327 thread=MainThread] BREADCRUMB {"event":"frame_catchup_capped","frame_seconds":0.076}
2026-08-02T07:27:12.165 INFO     [pid=6327 thread=MainThread] BREADCRUMB {"event":"frame_catchup_capped","frame_seconds":0.076}
2026-08-02T07:27:14.815 INFO     [pid=6327 thread=MainThread] BREADCRUMB {"event":"player_joined","state":"character_select","frame":2131,"player":1,"binding":{"type":"keyboard"}}
2026-08-02T07:27:14.818 INFO     [pid=6327 thread=MainThread] BREADCRUMB {"event":"character_select_opened","state":"character_select","frame":2131,"source":"mouse"}
2026-08-02T07:27:14.914 INFO     [pid=6327 thread=MainThread] BREADCRUMB {"event":"frame_catchup_capped","frame_seconds":0.1}
2026-08-02T07:27:28.700 INFO     [pid=6327 thread=MainThread] BREADCRUMB {"event":"character_confirmed","state":"character_select","frame":2961,"player":1,"character":"black_dave","source":"mouse"}
2026-08-02T07:27:28.703 INFO     [pid=6327 thread=MainThread] BREADCRUMB {"event":"frame_catchup_capped","frame_seconds":0.075}
2026-08-02T07:27:29.638 INFO     [pid=6327 thread=MainThread] BREADCRUMB {"event":"music_started","filename":"red_2nd_track_stage_8bit.ogg","loop":true}
2026-08-02T07:27:29.639 INFO     [pid=6327 thread=MainThread] BREADCRUMB {"event":"stage_music_selected","state":"gameplay","frame":3017,"filename":"red_2nd_track_stage_8bit.ogg","started":true}
2026-08-02T07:27:29.640 INFO     [pid=6327 thread=MainThread] BREADCRUMB {"event":"stage_started","state":"gameplay","frame":3017,"stage":"second_street","players":[{"slot":1,"character":"black_dave","binding":{"type":"keyboard"},"cpu":false},{"slot":2,"character":"shelly","binding":{"type":"cpu","instance_id":-2},"cpu":true}]}
2026-08-02T07:27:32.788 INFO     [pid=6327 thread=MainThread] BREADCRUMB {"event":"frame_catchup_capped","frame_seconds":0.1}
2026-08-02T07:27:32.914 INFO     [pid=6327 thread=MainThread] BREADCRUMB {"event":"frame_catchup_capped","frame_seconds":0.1}
2026-08-02T07:27:33.054 INFO     [pid=6327 thread=MainThread] BREADCRUMB {"event":"frame_catchup_capped","frame_seconds":0.1}
2026-08-02T07:27:33.180 INFO     [pid=6327 thread=MainThread] BREADCRUMB {"event":"frame_catchup_capped","frame_seconds":0.1}
2026-08-02T07:27:33.305 INFO     [pid=6327 thread=MainThread] BREADCRUMB {"event":"frame_catchup_capped","frame_seconds":0.1}
2026-08-02T07:27:33.424 INFO     [pid=6327 thread=MainThread] BREADCRUMB {"event":"frame_catchup_capped","frame_seconds":0.1}
2026-08-02T07:27:33.549 INFO     [pid=6327 thread=MainThread] BREADCRUMB {"event":"frame_catchup_capped","frame_seconds":0.1}
2026-08-02T07:27:33.684 INFO     [pid=6327 thread=MainThread] BREADCRUMB {"event":"frame_catchup_capped","frame_seconds":0.1}
2026-08-02T07:27:33.806 INFO     [pid=6327 thread=MainThread] BREADCRUMB {"event":"frame_catchup_capped","frame_seconds":0.1}
2026-08-02T07:27:33.923 INFO     [pid=6327 thread=MainThread] BREADCRUMB {"event":"frame_catchup_capped","frame_seconds":0.1}
2026-08-02T07:27:34.013 INFO     [pid=6327 thread=MainThread] BREADCRUMB {"event":"frame_catchup_capped","frame_seconds":0.1}
2026-08-02T07:27:34.114 INFO     [pid=6327 thread=MainThread] BREADCRUMB {"event":"frame_catchup_capped","frame_seconds":0.089}
2026-08-02T07:27:34.211 INFO     [pid=6327 thread=MainThread] BREADCRUMB {"event":"frame_catchup_capped","frame_seconds":0.1}
2026-08-02T07:27:34.305 INFO     [pid=6327 thread=MainThread] BREADCRUMB {"event":"frame_catchup_capped","frame_seconds":0.098}
2026-08-02T07:27:34.403 INFO     [pid=6327 thread=MainThread] BREADCRUMB {"event":"frame_catchup_capped","frame_seconds":0.097}
2026-08-02T07:27:34.490 INFO     [pid=6327 thread=MainThread] BREADCRUMB {"event":"frame_catchup_capped","frame_seconds":0.089}
2026-08-02T07:27:34.601 INFO     [pid=6327 thread=MainThread] BREADCRUMB {"event":"frame_catchup_capped","frame_seconds":0.091}
2026-08-02T07:27:34.694 INFO     [pid=6327 thread=MainThread] BREADCRUMB {"event":"frame_catchup_capped","frame_seconds":0.1}
2026-08-02T07:27:34.805 INFO     [pid=6327 thread=MainThread] BREADCRUMB {"event":"frame_catchup_capped","frame_seconds":0.1}
2026-08-02T07:27:34.902 INFO     [pid=6327 thread=MainThread] BREADCRUMB {"event":"frame_catchup_capped","frame_seconds":0.1}
2026-08-02T07:27:35.005 INFO     [pid=6327 thread=MainThread] BREADCRUMB {"event":"frame_catchup_capped","frame_seconds":0.1}
2026-08-02T07:27:35.101 INFO     [pid=6327 thread=MainThread] BREADCRUMB {"event":"frame_catchup_capped","frame_seconds":0.098}
2026-08-02T07:27:35.196 INFO     [pid=6327 thread=MainThread] BREADCRUMB {"event":"frame_catchup_capped","frame_seconds":0.096}
2026-08-02T07:27:35.305 INFO     [pid=6327 thread=MainThread] BREADCRUMB {"event":"frame_catchup_capped","frame_seconds":0.1}
2026-08-02T07:27:35.414 INFO     [pid=6327 thread=MainThread] BREADCRUMB {"event":"frame_catchup_capped","frame_seconds":0.1}
2026-08-02T07:27:35.502 INFO     [pid=6327 thread=MainThread] BREADCRUMB {"event":"frame_catchup_capped","frame_seconds":0.093}
2026-08-02T07:27:35.585 INFO     [pid=6327 thread=MainThread] BREADCRUMB {"event":"frame_catchup_capped","frame_seconds":0.086}
2026-08-02T07:27:35.671 INFO     [pid=6327 thread=MainThread] BREADCRUMB {"event":"frame_catchup_capped","frame_seconds":0.085}
2026-08-02T07:27:35.828 INFO     [pid=6327 thread=MainThread] BREADCRUMB {"event":"frame_catchup_capped","frame_seconds":0.075}
2026-08-02T07:27:35.915 INFO     [pid=6327 thread=MainThread] BREADCRUMB {"event":"frame_catchup_capped","frame_seconds":0.086}
2026-08-02T07:27:36.105 INFO     [pid=6327 thread=MainThread] BREADCRUMB {"event":"frame_catchup_capped","frame_seconds":0.1}
2026-08-02T07:27:36.192 INFO     [pid=6327 thread=MainThread] BREADCRUMB {"event":"frame_catchup_capped","frame_seconds":0.09}
2026-08-02T07:27:36.280 INFO     [pid=6327 thread=MainThread] BREADCRUMB {"event":"frame_catchup_capped","frame_seconds":0.087}
2026-08-02T07:27:36.369 INFO     [pid=6327 thread=MainThread] BREADCRUMB {"event":"frame_catchup_capped","frame_seconds":0.091}
2026-08-02T07:27:36.528 INFO     [pid=6327 thread=MainThread] BREADCRUMB {"event":"frame_catchup_capped","frame_seconds":0.08}
2026-08-02T07:27:36.688 INFO     [pid=6327 thread=MainThread] BREADCRUMB {"event":"frame_catchup_capped","frame_seconds":0.069}
2026-08-02T07:27:36.784 INFO     [pid=6327 thread=MainThread] BREADCRUMB {"event":"frame_catchup_capped","frame_seconds":0.1}
2026-08-02T07:27:37.044 INFO     [pid=6327 thread=MainThread] BREADCRUMB {"event":"frame_catchup_capped","frame_seconds":0.093}
2026-08-02T07:27:37.125 INFO     [pid=6327 thread=MainThread] BREADCRUMB {"event":"frame_catchup_capped","frame_seconds":0.093}
2026-08-02T07:27:37.214 INFO     [pid=6327 thread=MainThread] BREADCRUMB {"event":"frame_catchup_capped","frame_seconds":0.09}
2026-08-02T07:27:37.390 INFO     [pid=6327 thread=MainThread] BREADCRUMB {"event":"frame_catchup_capped","frame_seconds":0.085}
2026-08-02T07:27:37.503 INFO     [pid=6327 thread=MainThread] BREADCRUMB {"event":"frame_catchup_capped","frame_seconds":0.1}
2026-08-02T07:27:37.596 INFO     [pid=6327 thread=MainThread] BREADCRUMB {"event":"frame_catchup_capped","frame_seconds":0.093}
2026-08-02T07:27:37.695 INFO     [pid=6327 thread=MainThread] BREADCRUMB {"event":"frame_catchup_capped","frame_seconds":0.1}
2026-08-02T07:27:37.789 INFO     [pid=6327 thread=MainThread] BREADCRUMB {"event":"frame_catchup_capped","frame_seconds":0.096}
2026-08-02T07:27:37.889 INFO     [pid=6327 thread=MainThread] BREADCRUMB {"event":"frame_catchup_capped","frame_seconds":0.096}
2026-08-02T07:27:37.978 INFO     [pid=6327 thread=MainThread] BREADCRUMB {"event":"frame_catchup_capped","frame_seconds":0.092}
2026-08-02T07:27:38.071 INFO     [pid=6327 thread=MainThread] BREADCRUMB {"event":"frame_catchup_capped","frame_seconds":0.09}
2026-08-02T07:27:38.166 INFO     [pid=6327 thread=MainThread] BREADCRUMB {"event":"frame_catchup_capped","frame_seconds":0.096}
2026-08-02T07:27:38.253 INFO     [pid=6327 thread=MainThread] BREADCRUMB {"event":"frame_catchup_capped","frame_seconds":0.09}
2026-08-02T07:27:38.407 INFO     [pid=6327 thread=MainThread] BREADCRUMB {"event":"frame_catchup_capped","frame_seconds":0.078}
2026-08-02T07:27:38.496 INFO     [pid=6327 thread=MainThread] BREADCRUMB {"event":"frame_catchup_capped","frame_seconds":0.087}
2026-08-02T07:27:38.672 INFO     [pid=6327 thread=MainThread] BREADCRUMB {"event":"frame_catchup_capped","frame_seconds":0.09}
2026-08-02T07:27:38.763 INFO     [pid=6327 thread=MainThread] BREADCRUMB {"event":"frame_catchup_capped","frame_seconds":0.091}
2026-08-02T07:27:38.872 INFO     [pid=6327 thread=MainThread] BREADCRUMB {"event":"frame_catchup_capped","frame_seconds":0.098}
2026-08-02T07:27:38.950 INFO     [pid=6327 thread=MainThread] BREADCRUMB {"event":"frame_catchup_capped","frame_seconds":0.1}
2026-08-02T07:27:39.117 INFO     [pid=6327 thread=MainThread] BREADCRUMB {"event":"frame_catchup_capped","frame_seconds":0.078}
2026-08-02T07:27:39.335 INFO     [pid=6327 thread=MainThread] BREADCRUMB {"event":"frame_catchup_capped","frame_seconds":0.078}
2026-08-02T07:27:39.519 INFO     [pid=6327 thread=MainThread] BREADCRUMB {"event":"frame_catchup_capped","frame_seconds":0.087}
2026-08-02T07:27:39.645 INFO     [pid=6327 thread=MainThread] BREADCRUMB {"event":"frame_catchup_capped","frame_seconds":0.1}
2026-08-02T07:27:39.727 INFO     [pid=6327 thread=MainThread] BREADCRUMB {"event":"frame_catchup_capped","frame_seconds":0.091}
2026-08-02T07:27:39.824 INFO     [pid=6327 thread=MainThread] BREADCRUMB {"event":"frame_catchup_capped","frame_seconds":0.093}
2026-08-02T07:27:39.909 INFO     [pid=6327 thread=MainThread] BREADCRUMB {"event":"frame_catchup_capped","frame_seconds":0.09}
2026-08-02T07:27:40.013 INFO     [pid=6327 thread=MainThread] BREADCRUMB {"event":"frame_catchup_capped","frame_seconds":0.097}
2026-08-02T07:27:40.104 INFO     [pid=6327 thread=MainThread] BREADCRUMB {"event":"frame_catchup_capped","frame_seconds":0.093}
2026-08-02T07:27:40.194 INFO     [pid=6327 thread=MainThread] BREADCRUMB {"event":"frame_catchup_capped","frame_seconds":0.091}
2026-08-02T07:27:40.296 INFO     [pid=6327 thread=MainThread] BREADCRUMB {"event":"frame_catchup_capped","frame_seconds":0.086}
2026-08-02T07:27:40.399 INFO     [pid=6327 thread=MainThread] BREADCRUMB {"event":"frame_catchup_capped","frame_seconds":0.1}
2026-08-02T07:27:40.487 INFO     [pid=6327 thread=MainThread] BREADCRUMB {"event":"frame_catchup_capped","frame_seconds":0.087}
2026-08-02T07:27:40.599 INFO     [pid=6327 thread=MainThread] BREADCRUMB {"event":"frame_catchup_capped","frame_seconds":0.1}
2026-08-02T07:27:40.717 INFO     [pid=6327 thread=MainThread] BREADCRUMB {"event":"frame_catchup_capped","frame_seconds":0.1}
2026-08-02T07:27:40.836 INFO     [pid=6327 thread=MainThread] BREADCRUMB {"event":"frame_catchup_capped","frame_seconds":0.1}
2026-08-02T07:27:40.950 INFO     [pid=6327 thread=MainThread] BREADCRUMB {"event":"frame_catchup_capped","frame_seconds":0.1}
2026-08-02T07:27:41.068 INFO     [pid=6327 thread=MainThread] BREADCRUMB {"event":"frame_catchup_capped","frame_seconds":0.1}
2026-08-02T07:27:41.188 INFO     [pid=6327 thread=MainThread] BREADCRUMB {"event":"frame_catchup_capped","frame_seconds":0.1}
2026-08-02T07:27:41.286 INFO     [pid=6327 thread=MainThread] BREADCRUMB {"event":"frame_catchup_capped","frame_seconds":0.093}
2026-08-02T07:27:41.366 INFO     [pid=6327 thread=MainThread] BREADCRUMB {"event":"frame_catchup_capped","frame_seconds":0.092}
2026-08-02T07:27:41.538 INFO     [pid=6327 thread=MainThread] BREADCRUMB {"event":"frame_catchup_capped","frame_seconds":0.076}
2026-08-02T07:27:41.619 INFO     [pid=6327 thread=MainThread] BREADCRUMB {"event":"frame_catchup_capped","frame_seconds":0.093}
2026-08-02T07:27:41.893 INFO     [pid=6327 thread=MainThread] BREADCRUMB {"event":"frame_catchup_capped","frame_seconds":0.1}
2026-08-02T07:27:41.984 INFO     [pid=6327 thread=MainThread] BREADCRUMB {"event":"frame_catchup_capped","frame_seconds":0.1}
2026-08-02T07:27:42.137 INFO     [pid=6327 thread=MainThread] BREADCRUMB {"event":"frame_catchup_capped","frame_seconds":0.078}
2026-08-02T07:27:42.227 INFO     [pid=6327 thread=MainThread] BREADCRUMB {"event":"frame_catchup_capped","frame_seconds":0.087}
2026-08-02T07:27:42.387 INFO     [pid=6327 thread=MainThread] BREADCRUMB {"event":"frame_catchup_capped","frame_seconds":0.076}
2026-08-02T07:27:42.478 INFO     [pid=6327 thread=MainThread] BREADCRUMB {"event":"frame_catchup_capped","frame_seconds":0.09}
2026-08-02T07:27:42.577 INFO     [pid=6327 thread=MainThread] BREADCRUMB {"event":"frame_catchup_capped","frame_seconds":0.095}
2026-08-02T07:27:42.682 INFO     [pid=6327 thread=MainThread] BREADCRUMB {"event":"frame_catchup_capped","frame_seconds":0.1}
2026-08-02T07:27:42.837 INFO     [pid=6327 thread=MainThread] BREADCRUMB {"event":"frame_catchup_capped","frame_seconds":0.075}
2026-08-02T07:27:42.981 INFO     [pid=6327 thread=MainThread] BREADCRUMB {"event":"frame_catchup_capped","frame_seconds":0.074}
2026-08-02T07:27:43.202 INFO     [pid=6327 thread=MainThread] BREADCRUMB {"event":"frame_catchup_capped","frame_seconds":0.075}
2026-08-02T07:27:43.319 INFO     [pid=6327 thread=MainThread] BREADCRUMB {"event":"frame_catchup_capped","frame_seconds":0.09}
2026-08-02T07:27:43.407 INFO     [pid=6327 thread=MainThread] BREADCRUMB {"event":"frame_catchup_capped","frame_seconds":0.1}
2026-08-02T07:27:43.494 INFO     [pid=6327 thread=MainThread] BREADCRUMB {"event":"frame_catchup_capped","frame_seconds":0.094}
2026-08-02T07:27:43.786 INFO     [pid=6327 thread=MainThread] BREADCRUMB {"event":"frame_catchup_capped","frame_seconds":0.071}
2026-08-02T07:27:43.877 INFO     [pid=6327 thread=MainThread] BREADCRUMB {"event":"frame_catchup_capped","frame_seconds":0.087}
2026-08-02T07:27:43.990 INFO     [pid=6327 thread=MainThread] BREADCRUMB {"event":"frame_catchup_capped","frame_seconds":0.1}
2026-08-02T07:27:44.119 INFO     [pid=6327 thread=MainThread] BREADCRUMB {"event":"frame_catchup_capped","frame_seconds":0.1}
2026-08-02T07:27:44.219 INFO     [pid=6327 thread=MainThread] BREADCRUMB {"event":"frame_catchup_capped","frame_seconds":0.098}
2026-08-02T07:27:44.303 INFO     [pid=6327 thread=MainThread] BREADCRUMB {"event":"frame_catchup_capped","frame_seconds":0.097}
2026-08-02T07:27:44.401 INFO     [pid=6327 thread=MainThread] BREADCRUMB {"event":"frame_catchup_capped","frame_seconds":0.089}
2026-08-02T07:27:44.493 INFO     [pid=6327 thread=MainThread] BREADCRUMB {"event":"frame_catchup_capped","frame_seconds":0.097}
2026-08-02T07:27:44.586 INFO     [pid=6327 thread=MainThread] BREADCRUMB {"event":"frame_catchup_capped","frame_seconds":0.093}
2026-08-02T07:27:44.690 INFO     [pid=6327 thread=MainThread] BREADCRUMB {"event":"frame_catchup_capped","frame_seconds":0.099}
2026-08-02T07:27:44.820 INFO     [pid=6327 thread=MainThread] BREADCRUMB {"event":"frame_catchup_capped","frame_seconds":0.1}
2026-08-02T07:27:44.939 INFO     [pid=6327 thread=MainThread] BREADCRUMB {"event":"frame_catchup_capped","frame_seconds":0.1}
2026-08-02T07:27:45.031 INFO     [pid=6327 thread=MainThread] BREADCRUMB {"event":"frame_catchup_capped","frame_seconds":0.093}
2026-08-02T07:27:45.119 INFO     [pid=6327 thread=MainThread] BREADCRUMB {"event":"frame_catchup_capped","frame_seconds":0.087}
2026-08-02T07:27:45.203 INFO     [pid=6327 thread=MainThread] BREADCRUMB {"event":"frame_catchup_capped","frame_seconds":0.088}
2026-08-02T07:27:45.351 INFO     [pid=6327 thread=MainThread] BREADCRUMB {"event":"frame_catchup_capped","frame_seconds":0.073}
2026-08-02T07:27:45.506 INFO     [pid=6327 thread=MainThread] BREADCRUMB {"event":"frame_catchup_capped","frame_seconds":0.077}
2026-08-02T07:27:45.623 INFO     [pid=6327 thread=MainThread] BREADCRUMB {"event":"frame_catchup_capped","frame_seconds":0.1}
2026-08-02T07:27:45.711 INFO     [pid=6327 thread=MainThread] BREADCRUMB {"event":"frame_catchup_capped","frame_seconds":0.096}
2026-08-02T07:27:45.815 INFO     [pid=6327 thread=MainThread] BREADCRUMB {"event":"frame_catchup_capped","frame_seconds":0.098}
2026-08-02T07:27:45.890 INFO     [pid=6327 thread=MainThread] BREADCRUMB {"event":"frame_catchup_capped","frame_seconds":0.086}
2026-08-02T07:27:46.049 INFO     [pid=6327 thread=MainThread] BREADCRUMB {"event":"frame_catchup_capped","frame_seconds":0.078}
2026-08-02T07:27:46.356 INFO     [pid=6327 thread=MainThread] BREADCRUMB {"event":"frame_catchup_capped","frame_seconds":0.094}
2026-08-02T07:27:46.521 INFO     [pid=6327 thread=MainThread] BREADCRUMB {"event":"frame_catchup_capped","frame_seconds":0.084}
2026-08-02T07:27:46.611 INFO     [pid=6327 thread=MainThread] BREADCRUMB {"event":"frame_catchup_capped","frame_seconds":0.089}
2026-08-02T07:27:46.769 INFO     [pid=6327 thread=MainThread] BREADCRUMB {"event":"frame_catchup_capped","frame_seconds":0.081}
2026-08-02T07:27:46.926 INFO     [pid=6327 thread=MainThread] BREADCRUMB {"event":"frame_catchup_capped","frame_seconds":0.078}
2026-08-02T07:27:47.041 INFO     [pid=6327 thread=MainThread] BREADCRUMB {"event":"frame_catchup_capped","frame_seconds":0.09}
2026-08-02T07:27:47.136 INFO     [pid=6327 thread=MainThread] BREADCRUMB {"event":"frame_catchup_capped","frame_seconds":0.1}
2026-08-02T07:27:47.219 INFO     [pid=6327 thread=MainThread] BREADCRUMB {"event":"frame_catchup_capped","frame_seconds":0.093}
2026-08-02T07:27:47.304 INFO     [pid=6327 thread=MainThread] BREADCRUMB {"event":"frame_catchup_capped","frame_seconds":0.085}
2026-08-02T07:27:47.471 INFO     [pid=6327 thread=MainThread] BREADCRUMB {"event":"frame_catchup_capped","frame_seconds":0.082}
2026-08-02T07:27:47.683 INFO     [pid=6327 thread=MainThread] BREADCRUMB {"event":"frame_catchup_capped","frame_seconds":0.072}
2026-08-02T07:27:47.785 INFO     [pid=6327 thread=MainThread] BREADCRUMB {"event":"frame_catchup_capped","frame_seconds":0.092}
2026-08-02T07:27:47.868 INFO     [pid=6327 thread=MainThread] BREADCRUMB {"event":"frame_catchup_capped","frame_seconds":0.085}
2026-08-02T07:27:47.951 INFO     [pid=6327 thread=MainThread] BREADCRUMB {"event":"frame_catchup_capped","frame_seconds":0.085}
2026-08-02T07:27:48.123 INFO     [pid=6327 thread=MainThread] BREADCRUMB {"event":"frame_catchup_capped","frame_seconds":0.093}
2026-08-02T07:27:48.223 INFO     [pid=6327 thread=MainThread] BREADCRUMB {"event":"frame_catchup_capped","frame_seconds":0.1}
2026-08-02T07:27:48.320 INFO     [pid=6327 thread=MainThread] BREADCRUMB {"event":"frame_catchup_capped","frame_seconds":0.096}
2026-08-02T07:27:48.420 INFO     [pid=6327 thread=MainThread] BREADCRUMB {"event":"frame_catchup_capped","frame_seconds":0.095}
2026-08-02T07:27:48.540 INFO     [pid=6327 thread=MainThread] BREADCRUMB {"event":"frame_catchup_capped","frame_seconds":0.1}
2026-08-02T07:27:48.626 INFO     [pid=6327 thread=MainThread] BREADCRUMB {"event":"frame_catchup_capped","frame_seconds":0.09}
2026-08-02T07:27:48.792 INFO     [pid=6327 thread=MainThread] BREADCRUMB {"event":"frame_catchup_capped","frame_seconds":0.1}
2026-08-02T07:27:48.907 INFO     [pid=6327 thread=MainThread] BREADCRUMB {"event":"frame_catchup_capped","frame_seconds":0.1}
2026-08-02T07:27:48.995 INFO     [pid=6327 thread=MainThread] BREADCRUMB {"event":"frame_catchup_capped","frame_seconds":0.1}
2026-08-02T07:27:49.157 INFO     [pid=6327 thread=MainThread] BREADCRUMB {"event":"frame_catchup_capped","frame_seconds":0.082}
2026-08-02T07:27:49.358 INFO     [pid=6327 thread=MainThread] BREADCRUMB {"event":"frame_catchup_capped","frame_seconds":0.1}
2026-08-02T07:27:49.459 INFO     [pid=6327 thread=MainThread] BREADCRUMB {"event":"frame_catchup_capped","frame_seconds":0.091}
2026-08-02T07:27:49.539 INFO     [pid=6327 thread=MainThread] BREADCRUMB {"event":"frame_catchup_capped","frame_seconds":0.095}
2026-08-02T07:27:49.701 INFO     [pid=6327 thread=MainThread] BREADCRUMB {"event":"frame_catchup_capped","frame_seconds":0.084}
2026-08-02T07:27:49.789 INFO     [pid=6327 thread=MainThread] BREADCRUMB {"event":"frame_catchup_capped","frame_seconds":0.085}
2026-08-02T07:27:49.883 INFO     [pid=6327 thread=MainThread] BREADCRUMB {"event":"frame_catchup_capped","frame_seconds":0.087}
2026-08-02T07:27:49.972 INFO     [pid=6327 thread=MainThread] BREADCRUMB {"event":"frame_catchup_capped","frame_seconds":0.087}
2026-08-02T07:27:50.091 INFO     [pid=6327 thread=MainThread] BREADCRUMB {"event":"frame_catchup_capped","frame_seconds":0.1}
2026-08-02T07:27:50.173 INFO     [pid=6327 thread=MainThread] BREADCRUMB {"event":"frame_catchup_capped","frame_seconds":0.092}
2026-08-02T07:27:50.333 INFO     [pid=6327 thread=MainThread] BREADCRUMB {"event":"frame_catchup_capped","frame_seconds":0.08}
2026-08-02T07:27:50.498 INFO     [pid=6327 thread=MainThread] BREADCRUMB {"event":"frame_catchup_capped","frame_seconds":0.079}
2026-08-02T07:27:50.657 INFO     [pid=6327 thread=MainThread] BREADCRUMB {"event":"frame_catchup_capped","frame_seconds":0.079}
2026-08-02T07:27:50.764 INFO     [pid=6327 thread=MainThread] BREADCRUMB {"event":"frame_catchup_capped","frame_seconds":0.098}
2026-08-02T07:27:50.874 INFO     [pid=6327 thread=MainThread] BREADCRUMB {"event":"frame_catchup_capped","frame_seconds":0.1}
2026-08-02T07:27:50.989 INFO     [pid=6327 thread=MainThread] BREADCRUMB {"event":"frame_catchup_capped","frame_seconds":0.1}
2026-08-02T07:27:51.098 INFO     [pid=6327 thread=MainThread] BREADCRUMB {"event":"frame_catchup_capped","frame_seconds":0.1}
2026-08-02T07:27:51.183 INFO     [pid=6327 thread=MainThread] BREADCRUMB {"event":"frame_catchup_capped","frame_seconds":0.1}
2026-08-02T07:27:51.291 INFO     [pid=6327 thread=MainThread] BREADCRUMB {"event":"frame_catchup_capped","frame_seconds":0.095}
2026-08-02T07:27:51.403 INFO     [pid=6327 thread=MainThread] BREADCRUMB {"event":"frame_catchup_capped","frame_seconds":0.1}
2026-08-02T07:27:51.501 INFO     [pid=6327 thread=MainThread] BREADCRUMB {"event":"frame_catchup_capped","frame_seconds":0.1}
2026-08-02T07:27:51.639 INFO     [pid=6327 thread=MainThread] BREADCRUMB {"event":"frame_catchup_capped","frame_seconds":0.1}
2026-08-02T07:27:51.750 INFO     [pid=6327 thread=MainThread] BREADCRUMB {"event":"frame_catchup_capped","frame_seconds":0.1}
2026-08-02T07:27:51.834 INFO     [pid=6327 thread=MainThread] BREADCRUMB {"event":"frame_catchup_capped","frame_seconds":0.1}
2026-08-02T07:27:51.948 INFO     [pid=6327 thread=MainThread] BREADCRUMB {"event":"frame_catchup_capped","frame_seconds":0.1}
2026-08-02T07:27:52.044 INFO     [pid=6327 thread=MainThread] BREADCRUMB {"event":"frame_catchup_capped","frame_seconds":0.099}
2026-08-02T07:27:52.139 INFO     [pid=6327 thread=MainThread] BREADCRUMB {"event":"frame_catchup_capped","frame_seconds":0.1}
2026-08-02T07:27:52.242 INFO     [pid=6327 thread=MainThread] BREADCRUMB {"event":"frame_catchup_capped","frame_seconds":0.094}
2026-08-02T07:27:52.344 INFO     [pid=6327 thread=MainThread] BREADCRUMB {"event":"frame_catchup_capped","frame_seconds":0.099}
2026-08-02T07:27:52.455 INFO     [pid=6327 thread=MainThread] BREADCRUMB {"event":"frame_catchup_capped","frame_seconds":0.1}
2026-08-02T07:27:52.548 INFO     [pid=6327 thread=MainThread] BREADCRUMB {"event":"frame_catchup_capped","frame_seconds":0.096}
2026-08-02T07:27:52.634 INFO     [pid=6327 thread=MainThread] BREADCRUMB {"event":"frame_catchup_capped","frame_seconds":0.087}
2026-08-02T07:27:52.722 INFO     [pid=6327 thread=MainThread] BREADCRUMB {"event":"frame_catchup_capped","frame_seconds":0.085}
2026-08-02T07:27:52.809 INFO     [pid=6327 thread=MainThread] BREADCRUMB {"event":"frame_catchup_capped","frame_seconds":0.088}
2026-08-02T07:27:52.898 INFO     [pid=6327 thread=MainThread] BREADCRUMB {"event":"frame_catchup_capped","frame_seconds":0.092}
2026-08-02T07:27:52.992 INFO     [pid=6327 thread=MainThread] BREADCRUMB {"event":"frame_catchup_capped","frame_seconds":0.091}
2026-08-02T07:27:53.095 INFO     [pid=6327 thread=MainThread] BREADCRUMB {"event":"frame_catchup_capped","frame_seconds":0.095}
2026-08-02T07:27:53.207 INFO     [pid=6327 thread=MainThread] BREADCRUMB {"event":"frame_catchup_capped","frame_seconds":0.1}
2026-08-02T07:27:53.282 INFO     [pid=6327 thread=MainThread] BREADCRUMB {"event":"frame_catchup_capped","frame_seconds":0.086}
2026-08-02T07:27:53.374 INFO     [pid=6327 thread=MainThread] BREADCRUMB {"event":"frame_catchup_capped","frame_seconds":0.086}
2026-08-02T07:27:53.467 INFO     [pid=6327 thread=MainThread] BREADCRUMB {"event":"frame_catchup_capped","frame_seconds":0.088}
2026-08-02T07:27:53.568 INFO     [pid=6327 thread=MainThread] BREADCRUMB {"event":"frame_catchup_capped","frame_seconds":0.099}
2026-08-02T07:27:53.674 INFO     [pid=6327 thread=MainThread] BREADCRUMB {"event":"frame_catchup_capped","frame_seconds":0.1}
2026-08-02T07:27:53.772 INFO     [pid=6327 thread=MainThread] BREADCRUMB {"event":"frame_catchup_capped","frame_seconds":0.099}
2026-08-02T07:27:53.873 INFO     [pid=6327 thread=MainThread] BREADCRUMB {"event":"frame_catchup_capped","frame_seconds":0.1}
2026-08-02T07:27:53.988 INFO     [pid=6327 thread=MainThread] BREADCRUMB {"event":"frame_catchup_capped","frame_seconds":0.1}
2026-08-02T07:27:54.068 INFO     [pid=6327 thread=MainThread] BREADCRUMB {"event":"frame_catchup_capped","frame_seconds":0.087}
2026-08-02T07:27:54.168 INFO     [pid=6327 thread=MainThread] BREADCRUMB {"event":"frame_catchup_capped","frame_seconds":0.091}
2026-08-02T07:27:54.256 INFO     [pid=6327 thread=MainThread] BREADCRUMB {"event":"frame_catchup_capped","frame_seconds":0.093}
2026-08-02T07:27:54.356 INFO     [pid=6327 thread=MainThread] BREADCRUMB {"event":"frame_catchup_capped","frame_seconds":0.098}
2026-08-02T07:27:54.452 INFO     [pid=6327 thread=MainThread] BREADCRUMB {"event":"frame_catchup_capped","frame_seconds":0.1}
2026-08-02T07:27:54.630 INFO     [pid=6327 thread=MainThread] BREADCRUMB {"event":"frame_catchup_capped","frame_seconds":0.087}
2026-08-02T07:27:54.735 INFO     [pid=6327 thread=MainThread] BREADCRUMB {"event":"frame_catchup_capped","frame_seconds":0.1}
2026-08-02T07:27:54.826 INFO     [pid=6327 thread=MainThread] BREADCRUMB {"event":"frame_catchup_capped","frame_seconds":0.091}
2026-08-02T07:27:54.983 INFO     [pid=6327 thread=MainThread] BREADCRUMB {"event":"frame_catchup_capped","frame_seconds":0.079}
2026-08-02T07:27:55.081 INFO     [pid=6327 thread=MainThread] BREADCRUMB {"event":"frame_catchup_capped","frame_seconds":0.091}
2026-08-02T07:27:55.166 INFO     [pid=6327 thread=MainThread] BREADCRUMB {"event":"frame_catchup_capped","frame_seconds":0.089}
2026-08-02T07:27:55.275 INFO     [pid=6327 thread=MainThread] BREADCRUMB {"event":"frame_catchup_capped","frame_seconds":0.098}
2026-08-02T07:27:55.364 INFO     [pid=6327 thread=MainThread] BREADCRUMB {"event":"frame_catchup_capped","frame_seconds":0.092}
2026-08-02T07:27:55.471 INFO     [pid=6327 thread=MainThread] BREADCRUMB {"event":"frame_catchup_capped","frame_seconds":0.1}
2026-08-02T07:27:55.553 INFO     [pid=6327 thread=MainThread] BREADCRUMB {"event":"frame_catchup_capped","frame_seconds":0.085}
2026-08-02T07:27:55.713 INFO     [pid=6327 thread=MainThread] BREADCRUMB {"event":"frame_catchup_capped","frame_seconds":0.081}
2026-08-02T07:27:55.876 INFO     [pid=6327 thread=MainThread] BREADCRUMB {"event":"frame_catchup_capped","frame_seconds":0.079}
2026-08-02T07:27:55.961 INFO     [pid=6327 thread=MainThread] BREADCRUMB {"event":"frame_catchup_capped","frame_seconds":0.089}
2026-08-02T07:27:56.058 INFO     [pid=6327 thread=MainThread] BREADCRUMB {"event":"frame_catchup_capped","frame_seconds":0.093}
2026-08-02T07:27:56.163 INFO     [pid=6327 thread=MainThread] BREADCRUMB {"event":"frame_catchup_capped","frame_seconds":0.1}
2026-08-02T07:27:56.274 INFO     [pid=6327 thread=MainThread] BREADCRUMB {"event":"frame_catchup_capped","frame_seconds":0.1}
2026-08-02T07:27:56.371 INFO     [pid=6327 thread=MainThread] BREADCRUMB {"event":"frame_catchup_capped","frame_seconds":0.091}
2026-08-02T07:27:56.459 INFO     [pid=6327 thread=MainThread] BREADCRUMB {"event":"frame_catchup_capped","frame_seconds":0.093}
2026-08-02T07:27:56.547 INFO     [pid=6327 thread=MainThread] BREADCRUMB {"event":"frame_catchup_capped","frame_seconds":0.086}
2026-08-02T07:27:56.647 INFO     [pid=6327 thread=MainThread] BREADCRUMB {"event":"frame_catchup_capped","frame_seconds":0.1}
2026-08-02T07:27:56.739 INFO     [pid=6327 thread=MainThread] BREADCRUMB {"event":"frame_catchup_capped","frame_seconds":0.094}
2026-08-02T07:27:56.861 INFO     [pid=6327 thread=MainThread] BREADCRUMB {"event":"frame_catchup_capped","frame_seconds":0.1}
2026-08-02T07:27:56.958 INFO     [pid=6327 thread=MainThread] BREADCRUMB {"event":"frame_catchup_capped","frame_seconds":0.1}
2026-08-02T07:27:57.071 INFO     [pid=6327 thread=MainThread] BREADCRUMB {"event":"frame_catchup_capped","frame_seconds":0.1}
2026-08-02T07:27:57.165 INFO     [pid=6327 thread=MainThread] BREADCRUMB {"event":"frame_catchup_capped","frame_seconds":0.092}
2026-08-02T07:27:57.256 INFO     [pid=6327 thread=MainThread] BREADCRUMB {"event":"frame_catchup_capped","frame_seconds":0.092}
2026-08-02T07:27:57.338 INFO     [pid=6327 thread=MainThread] BREADCRUMB {"event":"frame_catchup_capped","frame_seconds":0.086}
2026-08-02T07:27:57.504 INFO     [pid=6327 thread=MainThread] BREADCRUMB {"event":"frame_catchup_capped","frame_seconds":0.081}
2026-08-02T07:27:57.604 INFO     [pid=6327 thread=MainThread] BREADCRUMB {"event":"frame_catchup_capped","frame_seconds":0.1}
2026-08-02T07:27:57.715 INFO     [pid=6327 thread=MainThread] BREADCRUMB {"event":"frame_catchup_capped","frame_seconds":0.1}
2026-08-02T07:27:57.851 INFO     [pid=6327 thread=MainThread] BREADCRUMB {"event":"frame_catchup_capped","frame_seconds":0.1}
2026-08-02T07:27:57.987 INFO     [pid=6327 thread=MainThread] BREADCRUMB {"event":"frame_catchup_capped","frame_seconds":0.1}
2026-08-02T07:27:58.123 INFO     [pid=6327 thread=MainThread] BREADCRUMB {"event":"frame_catchup_capped","frame_seconds":0.1}
2026-08-02T07:27:58.280 INFO     [pid=6327 thread=MainThread] BREADCRUMB {"event":"frame_catchup_capped","frame_seconds":0.1}
2026-08-02T07:27:58.386 INFO     [pid=6327 thread=MainThread] BREADCRUMB {"event":"frame_catchup_capped","frame_seconds":0.1}
2026-08-02T07:27:58.489 INFO     [pid=6327 thread=MainThread] BREADCRUMB {"event":"frame_catchup_capped","frame_seconds":0.099}
2026-08-02T07:27:58.608 INFO     [pid=6327 thread=MainThread] BREADCRUMB {"event":"frame_catchup_capped","frame_seconds":0.1}
2026-08-02T07:27:58.715 INFO     [pid=6327 thread=MainThread] BREADCRUMB {"event":"frame_catchup_capped","frame_seconds":0.1}
2026-08-02T07:27:58.803 INFO     [pid=6327 thread=MainThread] BREADCRUMB {"event":"frame_catchup_capped","frame_seconds":0.094}
2026-08-02T07:27:58.936 INFO     [pid=6327 thread=MainThread] BREADCRUMB {"event":"frame_catchup_capped","frame_seconds":0.1}
2026-08-02T07:27:59.078 INFO     [pid=6327 thread=MainThread] BREADCRUMB {"event":"frame_catchup_capped","frame_seconds":0.1}
2026-08-02T07:27:59.193 INFO     [pid=6327 thread=MainThread] BREADCRUMB {"event":"frame_catchup_capped","frame_seconds":0.1}
2026-08-02T07:27:59.302 INFO     [pid=6327 thread=MainThread] BREADCRUMB {"event":"frame_catchup_capped","frame_seconds":0.1}
2026-08-02T07:27:59.410 INFO     [pid=6327 thread=MainThread] BREADCRUMB {"event":"frame_catchup_capped","frame_seconds":0.1}
2026-08-02T07:27:59.552 INFO     [pid=6327 thread=MainThread] BREADCRUMB {"event":"frame_catchup_capped","frame_seconds":0.1}
2026-08-02T07:27:59.658 INFO     [pid=6327 thread=MainThread] BREADCRUMB {"event":"frame_catchup_capped","frame_seconds":0.1}
2026-08-02T07:27:59.738 INFO     [pid=6327 thread=MainThread] BREADCRUMB {"event":"frame_catchup_capped","frame_seconds":0.086}
2026-08-02T07:27:59.817 INFO     [pid=6327 thread=MainThread] BREADCRUMB {"event":"frame_catchup_capped","frame_seconds":0.085}
2026-08-02T07:27:59.913 INFO     [pid=6327 thread=MainThread] BREADCRUMB {"event":"frame_catchup_capped","frame_seconds":0.09}
2026-08-02T07:28:00.003 INFO     [pid=6327 thread=MainThread] BREADCRUMB {"event":"frame_catchup_capped","frame_seconds":0.086}
2026-08-02T07:28:00.109 INFO     [pid=6327 thread=MainThread] BREADCRUMB {"event":"frame_catchup_capped","frame_seconds":0.1}
2026-08-02T07:28:00.203 INFO     [pid=6327 thread=MainThread] BREADCRUMB {"event":"frame_catchup_capped","frame_seconds":0.089}
2026-08-02T07:28:00.290 INFO     [pid=6327 thread=MainThread] BREADCRUMB {"event":"frame_catchup_capped","frame_seconds":0.095}
2026-08-02T07:28:00.399 INFO     [pid=6327 thread=MainThread] BREADCRUMB {"event":"frame_catchup_capped","frame_seconds":0.091}
2026-08-02T07:28:00.508 INFO     [pid=6327 thread=MainThread] BREADCRUMB {"event":"frame_catchup_capped","frame_seconds":0.1}
2026-08-02T07:28:00.587 INFO     [pid=6327 thread=MainThread] BREADCRUMB {"event":"frame_catchup_capped","frame_seconds":0.09}
2026-08-02T07:28:00.801 INFO     [pid=6327 thread=MainThread] BREADCRUMB {"event":"frame_catchup_capped","frame_seconds":0.07}
2026-08-02T07:28:00.959 INFO     [pid=6327 thread=MainThread] BREADCRUMB {"event":"frame_catchup_capped","frame_seconds":0.079}
2026-08-02T07:28:01.052 INFO     [pid=6327 thread=MainThread] BREADCRUMB {"event":"frame_catchup_capped","frame_seconds":0.086}
2026-08-02T07:28:01.162 INFO     [pid=6327 thread=MainThread] BREADCRUMB {"event":"frame_catchup_capped","frame_seconds":0.1}
2026-08-02T07:28:01.244 INFO     [pid=6327 thread=MainThread] BREADCRUMB {"event":"frame_catchup_capped","frame_seconds":0.086}
2026-08-02T07:28:01.491 INFO     [pid=6327 thread=MainThread] BREADCRUMB {"event":"frame_catchup_capped","frame_seconds":0.096}
2026-08-02T07:28:01.584 INFO     [pid=6327 thread=MainThread] BREADCRUMB {"event":"frame_catchup_capped","frame_seconds":0.088}
2026-08-02T07:28:01.671 INFO     [pid=6327 thread=MainThread] BREADCRUMB {"event":"frame_catchup_capped","frame_seconds":0.093}
2026-08-02T07:28:01.765 INFO     [pid=6327 thread=MainThread] BREADCRUMB {"event":"frame_catchup_capped","frame_seconds":0.087}
2026-08-02T07:28:01.868 INFO     [pid=6327 thread=MainThread] BREADCRUMB {"event":"frame_catchup_capped","frame_seconds":0.092}
2026-08-02T07:28:01.950 INFO     [pid=6327 thread=MainThread] BREADCRUMB {"event":"frame_catchup_capped","frame_seconds":0.1}
2026-08-02T07:28:02.043 INFO     [pid=6327 thread=MainThread] BREADCRUMB {"event":"frame_catchup_capped","frame_seconds":0.089}
2026-08-02T07:28:02.136 INFO     [pid=6327 thread=MainThread] BREADCRUMB {"event":"frame_catchup_capped","frame_seconds":0.089}
2026-08-02T07:28:02.219 INFO     [pid=6327 thread=MainThread] BREADCRUMB {"event":"frame_catchup_capped","frame_seconds":0.091}
2026-08-02T07:28:02.383 INFO     [pid=6327 thread=MainThread] BREADCRUMB {"event":"frame_catchup_capped","frame_seconds":0.082}
2026-08-02T07:28:02.637 INFO     [pid=6327 thread=MainThread] BREADCRUMB {"event":"frame_catchup_capped","frame_seconds":0.1}
2026-08-02T07:28:02.795 INFO     [pid=6327 thread=MainThread] BREADCRUMB {"event":"frame_catchup_capped","frame_seconds":0.073}
2026-08-02T07:28:02.880 INFO     [pid=6327 thread=MainThread] BREADCRUMB {"event":"frame_catchup_capped","frame_seconds":0.086}
2026-08-02T07:28:02.961 INFO     [pid=6327 thread=MainThread] BREADCRUMB {"event":"frame_catchup_capped","frame_seconds":0.084}
2026-08-02T07:28:03.119 INFO     [pid=6327 thread=MainThread] BREADCRUMB {"event":"frame_catchup_capped","frame_seconds":0.077}
2026-08-02T07:28:03.200 INFO     [pid=6327 thread=MainThread] BREADCRUMB {"event":"frame_catchup_capped","frame_seconds":0.089}
2026-08-02T07:28:03.324 INFO     [pid=6327 thread=MainThread] BREADCRUMB {"event":"frame_catchup_capped","frame_seconds":0.09}
2026-08-02T07:28:03.409 INFO     [pid=6327 thread=MainThread] BREADCRUMB {"event":"frame_catchup_capped","frame_seconds":0.1}
2026-08-02T07:28:03.502 INFO     [pid=6327 thread=MainThread] BREADCRUMB {"event":"frame_catchup_capped","frame_seconds":0.097}
2026-08-02T07:28:03.588 INFO     [pid=6327 thread=MainThread] BREADCRUMB {"event":"frame_catchup_capped","frame_seconds":0.085}
2026-08-02T07:28:03.684 INFO     [pid=6327 thread=MainThread] BREADCRUMB {"event":"frame_catchup_capped","frame_seconds":0.092}
2026-08-02T07:28:03.852 INFO     [pid=6327 thread=MainThread] BREADCRUMB {"event":"frame_catchup_capped","frame_seconds":0.079}
2026-08-02T07:28:03.935 INFO     [pid=6327 thread=MainThread] BREADCRUMB {"event":"frame_catchup_capped","frame_seconds":0.094}
2026-08-02T07:28:04.055 INFO     [pid=6327 thread=MainThread] BREADCRUMB {"event":"frame_catchup_capped","frame_seconds":0.093}
2026-08-02T07:28:04.151 INFO     [pid=6327 thread=MainThread] BREADCRUMB {"event":"frame_catchup_capped","frame_seconds":0.1}
2026-08-02T07:28:04.235 INFO     [pid=6327 thread=MainThread] BREADCRUMB {"event":"frame_catchup_capped","frame_seconds":0.084}
2026-08-02T07:28:04.318 INFO     [pid=6327 thread=MainThread] BREADCRUMB {"event":"frame_catchup_capped","frame_seconds":0.09}
2026-08-02T07:28:04.416 INFO     [pid=6327 thread=MainThread] BREADCRUMB {"event":"frame_catchup_capped","frame_seconds":0.086}
2026-08-02T07:28:04.496 INFO     [pid=6327 thread=MainThread] BREADCRUMB {"event":"frame_catchup_capped","frame_seconds":0.096}
2026-08-02T07:28:04.655 INFO     [pid=6327 thread=MainThread] BREADCRUMB {"event":"frame_catchup_capped","frame_seconds":0.074}
2026-08-02T07:28:04.836 INFO     [pid=6327 thread=MainThread] BREADCRUMB {"event":"frame_catchup_capped","frame_seconds":0.1}
2026-08-02T07:28:04.916 INFO     [pid=6327 thread=MainThread] BREADCRUMB {"event":"frame_catchup_capped","frame_seconds":0.093}
2026-08-02T07:28:05.085 INFO     [pid=6327 thread=MainThread] BREADCRUMB {"event":"frame_catchup_capped","frame_seconds":0.08}
2026-08-02T07:28:05.235 INFO     [pid=6327 thread=MainThread] BREADCRUMB {"event":"frame_catchup_capped","frame_seconds":0.076}
2026-08-02T07:28:05.387 INFO     [pid=6327 thread=MainThread] BREADCRUMB {"event":"frame_catchup_capped","frame_seconds":0.073}
2026-08-02T07:28:05.562 INFO     [pid=6327 thread=MainThread] BREADCRUMB {"event":"frame_catchup_capped","frame_seconds":0.097}
2026-08-02T07:28:05.739 INFO     [pid=6327 thread=MainThread] BREADCRUMB {"event":"frame_catchup_capped","frame_seconds":0.081}
2026-08-02T07:28:05.849 INFO     [pid=6327 thread=MainThread] BREADCRUMB {"event":"frame_catchup_capped","frame_seconds":0.1}
2026-08-02T07:28:05.953 INFO     [pid=6327 thread=MainThread] BREADCRUMB {"event":"frame_catchup_capped","frame_seconds":0.1}
2026-08-02T07:28:06.062 INFO     [pid=6327 thread=MainThread] BREADCRUMB {"event":"frame_catchup_capped","frame_seconds":0.1}
2026-08-02T07:28:06.177 INFO     [pid=6327 thread=MainThread] BREADCRUMB {"event":"frame_catchup_capped","frame_seconds":0.1}
2026-08-02T07:28:06.320 INFO     [pid=6327 thread=MainThread] BREADCRUMB {"event":"frame_catchup_capped","frame_seconds":0.1}
2026-08-02T07:28:06.441 INFO     [pid=6327 thread=MainThread] BREADCRUMB {"event":"frame_catchup_capped","frame_seconds":0.1}
2026-08-02T07:28:06.544 INFO     [pid=6327 thread=MainThread] BREADCRUMB {"event":"frame_catchup_capped","frame_seconds":0.1}
2026-08-02T07:28:06.668 INFO     [pid=6327 thread=MainThread] BREADCRUMB {"event":"frame_catchup_capped","frame_seconds":0.1}
2026-08-02T07:28:06.786 INFO     [pid=6327 thread=MainThread] BREADCRUMB {"event":"frame_catchup_capped","frame_seconds":0.1}
2026-08-02T07:28:06.886 INFO     [pid=6327 thread=MainThread] BREADCRUMB {"event":"frame_catchup_capped","frame_seconds":0.1}
2026-08-02T07:28:06.976 INFO     [pid=6327 thread=MainThread] BREADCRUMB {"event":"frame_catchup_capped","frame_seconds":0.093}
2026-08-02T07:28:07.066 INFO     [pid=6327 thread=MainThread] BREADCRUMB {"event":"frame_catchup_capped","frame_seconds":0.086}
2026-08-02T07:28:07.162 INFO     [pid=6327 thread=MainThread] BREADCRUMB {"event":"frame_catchup_capped","frame_seconds":0.099}
2026-08-02T07:28:07.252 INFO     [pid=6327 thread=MainThread] BREADCRUMB {"event":"frame_catchup_capped","frame_seconds":0.087}
2026-08-02T07:28:07.348 INFO     [pid=6327 thread=MainThread] BREADCRUMB {"event":"frame_catchup_capped","frame_seconds":0.095}
2026-08-02T07:28:07.455 INFO     [pid=6327 thread=MainThread] BREADCRUMB {"event":"frame_catchup_capped","frame_seconds":0.1}
2026-08-02T07:28:07.562 INFO     [pid=6327 thread=MainThread] BREADCRUMB {"event":"frame_catchup_capped","frame_seconds":0.1}
2026-08-02T07:28:07.676 INFO     [pid=6327 thread=MainThread] BREADCRUMB {"event":"frame_catchup_capped","frame_seconds":0.1}
2026-08-02T07:28:07.791 INFO     [pid=6327 thread=MainThread] BREADCRUMB {"event":"frame_catchup_capped","frame_seconds":0.1}
2026-08-02T07:28:07.915 INFO     [pid=6327 thread=MainThread] BREADCRUMB {"event":"frame_catchup_capped","frame_seconds":0.1}
2026-08-02T07:28:08.033 INFO     [pid=6327 thread=MainThread] BREADCRUMB {"event":"frame_catchup_capped","frame_seconds":0.1}
2026-08-02T07:28:08.134 INFO     [pid=6327 thread=MainThread] BREADCRUMB {"event":"frame_catchup_capped","frame_seconds":0.1}
2026-08-02T07:28:08.234 INFO     [pid=6327 thread=MainThread] BREADCRUMB {"event":"frame_catchup_capped","frame_seconds":0.097}
2026-08-02T07:28:08.358 INFO     [pid=6327 thread=MainThread] BREADCRUMB {"event":"frame_catchup_capped","frame_seconds":0.1}
2026-08-02T07:28:08.469 INFO     [pid=6327 thread=MainThread] BREADCRUMB {"event":"frame_catchup_capped","frame_seconds":0.1}
2026-08-02T07:28:08.576 INFO     [pid=6327 thread=MainThread] BREADCRUMB {"event":"frame_catchup_capped","frame_seconds":0.1}
2026-08-02T07:28:08.669 INFO     [pid=6327 thread=MainThread] BREADCRUMB {"event":"frame_catchup_capped","frame_seconds":0.098}
2026-08-02T07:28:08.756 INFO     [pid=6327 thread=MainThread] BREADCRUMB {"event":"frame_catchup_capped","frame_seconds":0.091}
2026-08-02T07:28:08.929 INFO     [pid=6327 thread=MainThread] BREADCRUMB {"event":"frame_catchup_capped","frame_seconds":0.1}
2026-08-02T07:28:09.067 INFO     [pid=6327 thread=MainThread] BREADCRUMB {"event":"frame_catchup_capped","frame_seconds":0.1}
2026-08-02T07:28:09.187 INFO     [pid=6327 thread=MainThread] BREADCRUMB {"event":"frame_catchup_capped","frame_seconds":0.1}
2026-08-02T07:28:09.277 INFO     [pid=6327 thread=MainThread] BREADCRUMB {"event":"frame_catchup_capped","frame_seconds":0.09}
2026-08-02T07:28:09.436 INFO     [pid=6327 thread=MainThread] BREADCRUMB {"event":"frame_catchup_capped","frame_seconds":0.079}
2026-08-02T07:28:09.516 INFO     [pid=6327 thread=MainThread] BREADCRUMB {"event":"frame_catchup_capped","frame_seconds":0.085}
2026-08-02T07:28:09.686 INFO     [pid=6327 thread=MainThread] BREADCRUMB {"event":"frame_catchup_capped","frame_seconds":0.082}
2026-08-02T07:28:09.799 INFO     [pid=6327 thread=MainThread] BREADCRUMB {"event":"frame_catchup_capped","frame_seconds":0.1}
2026-08-02T07:28:09.895 INFO     [pid=6327 thread=MainThread] BREADCRUMB {"event":"frame_catchup_capped","frame_seconds":0.095}
2026-08-02T07:28:09.982 INFO     [pid=6327 thread=MainThread] BREADCRUMB {"event":"frame_catchup_capped","frame_seconds":0.094}
2026-08-02T07:28:10.134 INFO     [pid=6327 thread=MainThread] BREADCRUMB {"event":"frame_catchup_capped","frame_seconds":0.077}
2026-08-02T07:28:10.288 INFO     [pid=6327 thread=MainThread] BREADCRUMB {"event":"frame_catchup_capped","frame_seconds":0.074}
2026-08-02T07:28:10.537 INFO     [pid=6327 thread=MainThread] BREADCRUMB {"event":"frame_catchup_capped","frame_seconds":0.09}
2026-08-02T07:28:10.619 INFO     [pid=6327 thread=MainThread] BREADCRUMB {"event":"frame_catchup_capped","frame_seconds":0.085}
2026-08-02T07:28:10.767 INFO     [pid=6327 thread=MainThread] BREADCRUMB {"event":"frame_catchup_capped","frame_seconds":0.074}
2026-08-02T07:28:10.921 INFO     [pid=6327 thread=MainThread] BREADCRUMB {"event":"frame_catchup_capped","frame_seconds":0.077}
2026-08-02T07:28:11.033 INFO     [pid=6327 thread=MainThread] BREADCRUMB {"event":"frame_catchup_capped","frame_seconds":0.1}
2026-08-02T07:28:11.137 INFO     [pid=6327 thread=MainThread] BREADCRUMB {"event":"frame_catchup_capped","frame_seconds":0.1}
2026-08-02T07:28:11.251 INFO     [pid=6327 thread=MainThread] BREADCRUMB {"event":"frame_catchup_capped","frame_seconds":0.1}
2026-08-02T07:28:11.330 INFO     [pid=6327 thread=MainThread] BREADCRUMB {"event":"frame_catchup_capped","frame_seconds":0.086}
2026-08-02T07:28:11.485 INFO     [pid=6327 thread=MainThread] BREADCRUMB {"event":"frame_catchup_capped","frame_seconds":0.075}
2026-08-02T07:28:11.575 INFO     [pid=6327 thread=MainThread] BREADCRUMB {"event":"frame_catchup_capped","frame_seconds":0.084}
2026-08-02T07:28:11.665 INFO     [pid=6327 thread=MainThread] BREADCRUMB {"event":"frame_catchup_capped","frame_seconds":0.094}
2026-08-02T07:28:11.746 INFO     [pid=6327 thread=MainThread] BREADCRUMB {"event":"frame_catchup_capped","frame_seconds":0.084}
2026-08-02T07:28:11.929 INFO     [pid=6327 thread=MainThread] BREADCRUMB {"event":"frame_catchup_capped","frame_seconds":0.1}
2026-08-02T07:28:12.078 INFO     [pid=6327 thread=MainThread] BREADCRUMB {"event":"frame_catchup_capped","frame_seconds":0.07}
2026-08-02T07:28:12.318 INFO     [pid=6327 thread=MainThread] BREADCRUMB {"event":"frame_catchup_capped","frame_seconds":0.085}
2026-08-02T07:28:12.420 INFO     [pid=6327 thread=MainThread] BREADCRUMB {"event":"frame_catchup_capped","frame_seconds":0.099}
2026-08-02T07:28:12.521 INFO     [pid=6327 thread=MainThread] BREADCRUMB {"event":"frame_catchup_capped","frame_seconds":0.1}
2026-08-02T07:28:12.652 INFO     [pid=6327 thread=MainThread] BREADCRUMB {"event":"frame_catchup_capped","frame_seconds":0.1}
2026-08-02T07:28:12.748 INFO     [pid=6327 thread=MainThread] BREADCRUMB {"event":"frame_catchup_capped","frame_seconds":0.1}
2026-08-02T07:28:12.839 INFO     [pid=6327 thread=MainThread] BREADCRUMB {"event":"frame_catchup_capped","frame_seconds":0.088}
2026-08-02T07:28:12.917 INFO     [pid=6327 thread=MainThread] BREADCRUMB {"event":"frame_catchup_capped","frame_seconds":0.084}
2026-08-02T07:28:13.074 INFO     [pid=6327 thread=MainThread] BREADCRUMB {"event":"frame_catchup_capped","frame_seconds":0.079}
2026-08-02T07:28:13.172 INFO     [pid=6327 thread=MainThread] BREADCRUMB {"event":"frame_catchup_capped","frame_seconds":0.092}
2026-08-02T07:28:13.256 INFO     [pid=6327 thread=MainThread] BREADCRUMB {"event":"frame_catchup_capped","frame_seconds":0.096}
2026-08-02T07:28:13.353 INFO     [pid=6327 thread=MainThread] BREADCRUMB {"event":"frame_catchup_capped","frame_seconds":0.085}
2026-08-02T07:28:13.464 INFO     [pid=6327 thread=MainThread] BREADCRUMB {"event":"frame_catchup_capped","frame_seconds":0.1}
2026-08-02T07:28:13.641 INFO     [pid=6327 thread=MainThread] BREADCRUMB {"event":"frame_catchup_capped","frame_seconds":0.088}
2026-08-02T07:28:13.739 INFO     [pid=6327 thread=MainThread] BREADCRUMB {"event":"frame_catchup_capped","frame_seconds":0.1}
2026-08-02T07:28:13.844 INFO     [pid=6327 thread=MainThread] BREADCRUMB {"event":"frame_catchup_capped","frame_seconds":0.1}
2026-08-02T07:28:13.957 INFO     [pid=6327 thread=MainThread] BREADCRUMB {"event":"frame_catchup_capped","frame_seconds":0.1}
2026-08-02T07:28:14.055 INFO     [pid=6327 thread=MainThread] BREADCRUMB {"event":"frame_catchup_capped","frame_seconds":0.094}
2026-08-02T07:28:14.159 INFO     [pid=6327 thread=MainThread] BREADCRUMB {"event":"frame_catchup_capped","frame_seconds":0.1}
2026-08-02T07:28:14.266 INFO     [pid=6327 thread=MainThread] BREADCRUMB {"event":"frame_catchup_capped","frame_seconds":0.1}
2026-08-02T07:28:14.425 INFO     [pid=6327 thread=MainThread] BREADCRUMB {"event":"frame_catchup_capped","frame_seconds":0.079}
2026-08-02T07:28:14.605 INFO     [pid=6327 thread=MainThread] BREADCRUMB {"event":"frame_catchup_capped","frame_seconds":0.088}
2026-08-02T07:28:14.708 INFO     [pid=6327 thread=MainThread] BREADCRUMB {"event":"frame_catchup_capped","frame_seconds":0.1}
2026-08-02T07:28:14.815 INFO     [pid=6327 thread=MainThread] BREADCRUMB {"event":"frame_catchup_capped","frame_seconds":0.1}
2026-08-02T07:28:14.899 INFO     [pid=6327 thread=MainThread] BREADCRUMB {"event":"frame_catchup_capped","frame_seconds":0.097}
2026-08-02T07:28:15.000 INFO     [pid=6327 thread=MainThread] BREADCRUMB {"event":"frame_catchup_capped","frame_seconds":0.099}
2026-08-02T07:28:15.089 INFO     [pid=6327 thread=MainThread] BREADCRUMB {"event":"frame_catchup_capped","frame_seconds":0.087}
2026-08-02T07:28:15.171 INFO     [pid=6327 thread=MainThread] BREADCRUMB {"event":"frame_catchup_capped","frame_seconds":0.092}
2026-08-02T07:28:15.321 INFO     [pid=6327 thread=MainThread] BREADCRUMB {"event":"frame_catchup_capped","frame_seconds":0.074}
2026-08-02T07:28:15.499 INFO     [pid=6327 thread=MainThread] BREADCRUMB {"event":"frame_catchup_capped","frame_seconds":0.094}
2026-08-02T07:28:15.596 INFO     [pid=6327 thread=MainThread] BREADCRUMB {"event":"frame_catchup_capped","frame_seconds":0.1}
2026-08-02T07:28:15.693 INFO     [pid=6327 thread=MainThread] BREADCRUMB {"event":"frame_catchup_capped","frame_seconds":0.095}
2026-08-02T07:28:15.804 INFO     [pid=6327 thread=MainThread] BREADCRUMB {"event":"frame_catchup_capped","frame_seconds":0.1}
2026-08-02T07:28:15.888 INFO     [pid=6327 thread=MainThread] BREADCRUMB {"event":"frame_catchup_capped","frame_seconds":0.084}
2026-08-02T07:28:15.968 INFO     [pid=6327 thread=MainThread] BREADCRUMB {"event":"frame_catchup_capped","frame_seconds":0.087}
2026-08-02T07:28:16.118 INFO     [pid=6327 thread=MainThread] BREADCRUMB {"event":"frame_catchup_capped","frame_seconds":0.075}
2026-08-02T07:28:16.211 INFO     [pid=6327 thread=MainThread] BREADCRUMB {"event":"frame_catchup_capped","frame_seconds":0.085}
2026-08-02T07:28:16.302 INFO     [pid=6327 thread=MainThread] BREADCRUMB {"event":"frame_catchup_capped","frame_seconds":0.091}
2026-08-02T07:28:16.381 INFO     [pid=6327 thread=MainThread] BREADCRUMB {"event":"frame_catchup_capped","frame_seconds":0.085}
2026-08-02T07:28:16.487 INFO     [pid=6327 thread=MainThread] BREADCRUMB {"event":"frame_catchup_capped","frame_seconds":0.1}
2026-08-02T07:28:16.631 INFO     [pid=6327 thread=MainThread] BREADCRUMB {"event":"frame_catchup_capped","frame_seconds":0.074}
2026-08-02T07:28:16.925 INFO     [pid=6327 thread=MainThread] BREADCRUMB {"event":"frame_catchup_capped","frame_seconds":0.071}
2026-08-02T07:28:17.005 INFO     [pid=6327 thread=MainThread] BREADCRUMB {"event":"frame_catchup_capped","frame_seconds":0.084}
2026-08-02T07:28:17.184 INFO     [pid=6327 thread=MainThread] BREADCRUMB {"event":"frame_catchup_capped","frame_seconds":0.088}
2026-08-02T07:28:17.268 INFO     [pid=6327 thread=MainThread] BREADCRUMB {"event":"frame_catchup_capped","frame_seconds":0.096}
2026-08-02T07:28:17.355 INFO     [pid=6327 thread=MainThread] BREADCRUMB {"event":"frame_catchup_capped","frame_seconds":0.086}
2026-08-02T07:28:17.449 INFO     [pid=6327 thread=MainThread] BREADCRUMB {"event":"frame_catchup_capped","frame_seconds":0.088}
2026-08-02T07:28:17.605 INFO     [pid=6327 thread=MainThread] BREADCRUMB {"event":"frame_catchup_capped","frame_seconds":0.077}
2026-08-02T07:28:17.747 INFO     [pid=6327 thread=MainThread] BREADCRUMB {"event":"frame_catchup_capped","frame_seconds":0.072}
2026-08-02T07:28:17.924 INFO     [pid=6327 thread=MainThread] BREADCRUMB {"event":"frame_catchup_capped","frame_seconds":0.095}
2026-08-02T07:28:18.082 INFO     [pid=6327 thread=MainThread] BREADCRUMB {"event":"frame_catchup_capped","frame_seconds":0.076}
2026-08-02T07:28:18.242 INFO     [pid=6327 thread=MainThread] BREADCRUMB {"event":"frame_catchup_capped","frame_seconds":0.082}
2026-08-02T07:28:18.429 INFO     [pid=6327 thread=MainThread] BREADCRUMB {"event":"frame_catchup_capped","frame_seconds":0.088}
2026-08-02T07:28:18.520 INFO     [pid=6327 thread=MainThread] BREADCRUMB {"event":"frame_catchup_capped","frame_seconds":0.1}
2026-08-02T07:28:18.630 INFO     [pid=6327 thread=MainThread] BREADCRUMB {"event":"frame_catchup_capped","frame_seconds":0.1}
2026-08-02T07:28:18.712 INFO     [pid=6327 thread=MainThread] BREADCRUMB {"event":"frame_catchup_capped","frame_seconds":0.084}
2026-08-02T07:28:18.870 INFO     [pid=6327 thread=MainThread] BREADCRUMB {"event":"frame_catchup_capped","frame_seconds":0.078}
2026-08-02T07:28:19.031 INFO     [pid=6327 thread=MainThread] BREADCRUMB {"event":"frame_catchup_capped","frame_seconds":0.079}
2026-08-02T07:28:19.123 INFO     [pid=6327 thread=MainThread] BREADCRUMB {"event":"frame_catchup_capped","frame_seconds":0.085}
2026-08-02T07:28:19.203 INFO     [pid=6327 thread=MainThread] BREADCRUMB {"event":"frame_catchup_capped","frame_seconds":0.09}
2026-08-02T07:28:19.296 INFO     [pid=6327 thread=MainThread] BREADCRUMB {"event":"frame_catchup_capped","frame_seconds":0.088}
2026-08-02T07:28:19.388 INFO     [pid=6327 thread=MainThread] BREADCRUMB {"event":"frame_catchup_capped","frame_seconds":0.1}
2026-08-02T07:28:19.478 INFO     [pid=6327 thread=MainThread] BREADCRUMB {"event":"frame_catchup_capped","frame_seconds":0.085}
2026-08-02T07:28:19.693 INFO     [pid=6327 thread=MainThread] BREADCRUMB {"event":"frame_catchup_capped","frame_seconds":0.069}
2026-08-02T07:28:19.919 INFO     [pid=6327 thread=MainThread] BREADCRUMB {"event":"frame_catchup_capped","frame_seconds":0.075}
2026-08-02T07:28:20.035 INFO     [pid=6327 thread=MainThread] BREADCRUMB {"event":"frame_catchup_capped","frame_seconds":0.088}
2026-08-02T07:28:20.116 INFO     [pid=6327 thread=MainThread] BREADCRUMB {"event":"frame_catchup_capped","frame_seconds":0.1}
2026-08-02T07:28:20.269 INFO     [pid=6327 thread=MainThread] BREADCRUMB {"event":"frame_catchup_capped","frame_seconds":0.077}
2026-08-02T07:28:20.368 INFO     [pid=6327 thread=MainThread] BREADCRUMB {"event":"frame_catchup_capped","frame_seconds":0.091}
2026-08-02T07:28:20.450 INFO     [pid=6327 thread=MainThread] BREADCRUMB {"event":"frame_catchup_capped","frame_seconds":0.091}
2026-08-02T07:28:20.531 INFO     [pid=6327 thread=MainThread] BREADCRUMB {"event":"frame_catchup_capped","frame_seconds":0.086}
2026-08-02T07:28:20.698 INFO     [pid=6327 thread=MainThread] BREADCRUMB {"event":"frame_catchup_capped","frame_seconds":0.078}
2026-08-02T07:28:20.802 INFO     [pid=6327 thread=MainThread] BREADCRUMB {"event":"frame_catchup_capped","frame_seconds":0.1}
2026-08-02T07:28:20.893 INFO     [pid=6327 thread=MainThread] BREADCRUMB {"event":"frame_catchup_capped","frame_seconds":0.084}
2026-08-02T07:28:20.998 INFO     [pid=6327 thread=MainThread] BREADCRUMB {"event":"frame_catchup_capped","frame_seconds":0.1}
2026-08-02T07:28:21.103 INFO     [pid=6327 thread=MainThread] BREADCRUMB {"event":"frame_catchup_capped","frame_seconds":0.1}
2026-08-02T07:28:21.205 INFO     [pid=6327 thread=MainThread] BREADCRUMB {"event":"frame_catchup_capped","frame_seconds":0.1}
2026-08-02T07:28:21.322 INFO     [pid=6327 thread=MainThread] BREADCRUMB {"event":"frame_catchup_capped","frame_seconds":0.1}
2026-08-02T07:28:21.430 INFO     [pid=6327 thread=MainThread] BREADCRUMB {"event":"frame_catchup_capped","frame_seconds":0.1}
2026-08-02T07:28:21.522 INFO     [pid=6327 thread=MainThread] BREADCRUMB {"event":"frame_catchup_capped","frame_seconds":0.09}
2026-08-02T07:28:21.630 INFO     [pid=6327 thread=MainThread] BREADCRUMB {"event":"frame_catchup_capped","frame_seconds":0.1}
2026-08-02T07:28:21.757 INFO     [pid=6327 thread=MainThread] BREADCRUMB {"event":"frame_catchup_capped","frame_seconds":0.1}
2026-08-02T07:28:21.868 INFO     [pid=6327 thread=MainThread] BREADCRUMB {"event":"frame_catchup_capped","frame_seconds":0.1}
2026-08-02T07:28:21.997 INFO     [pid=6327 thread=MainThread] BREADCRUMB {"event":"frame_catchup_capped","frame_seconds":0.1}
2026-08-02T07:28:22.133 INFO     [pid=6327 thread=MainThread] BREADCRUMB {"event":"frame_catchup_capped","frame_seconds":0.1}
2026-08-02T07:28:22.240 INFO     [pid=6327 thread=MainThread] BREADCRUMB {"event":"frame_catchup_capped","frame_seconds":0.1}
2026-08-02T07:28:22.331 INFO     [pid=6327 thread=MainThread] BREADCRUMB {"event":"frame_catchup_capped","frame_seconds":0.094}
2026-08-02T07:28:22.416 INFO     [pid=6327 thread=MainThread] BREADCRUMB {"event":"frame_catchup_capped","frame_seconds":0.088}
2026-08-02T07:28:22.549 INFO     [pid=6327 thread=MainThread] BREADCRUMB {"event":"frame_catchup_capped","frame_seconds":0.099}
2026-08-02T07:28:22.660 INFO     [pid=6327 thread=MainThread] BREADCRUMB {"event":"frame_catchup_capped","frame_seconds":0.1}
2026-08-02T07:28:22.761 INFO     [pid=6327 thread=MainThread] BREADCRUMB {"event":"frame_catchup_capped","frame_seconds":0.1}
2026-08-02T07:28:22.866 INFO     [pid=6327 thread=MainThread] BREADCRUMB {"event":"frame_catchup_capped","frame_seconds":0.1}
2026-08-02T07:28:22.952 INFO     [pid=6327 thread=MainThread] BREADCRUMB {"event":"frame_catchup_capped","frame_seconds":0.095}
2026-08-02T07:28:23.040 INFO     [pid=6327 thread=MainThread] BREADCRUMB {"event":"frame_catchup_capped","frame_seconds":0.086}
2026-08-02T07:28:23.136 INFO     [pid=6327 thread=MainThread] BREADCRUMB {"event":"frame_catchup_capped","frame_seconds":0.089}
2026-08-02T07:28:23.225 INFO     [pid=6327 thread=MainThread] BREADCRUMB {"event":"frame_catchup_capped","frame_seconds":0.094}
2026-08-02T07:28:23.356 INFO     [pid=6327 thread=MainThread] BREADCRUMB {"event":"frame_catchup_capped","frame_seconds":0.098}
2026-08-02T07:28:23.448 INFO     [pid=6327 thread=MainThread] BREADCRUMB {"event":"frame_catchup_capped","frame_seconds":0.1}
2026-08-02T07:28:23.532 INFO     [pid=6327 thread=MainThread] BREADCRUMB {"event":"frame_catchup_capped","frame_seconds":0.085}
2026-08-02T07:28:23.619 INFO     [pid=6327 thread=MainThread] BREADCRUMB {"event":"frame_catchup_capped","frame_seconds":0.091}
2026-08-02T07:28:23.718 INFO     [pid=6327 thread=MainThread] BREADCRUMB {"event":"frame_catchup_capped","frame_seconds":0.094}
2026-08-02T07:28:23.878 INFO     [pid=6327 thread=MainThread] BREADCRUMB {"event":"frame_catchup_capped","frame_seconds":0.081}
2026-08-02T07:28:24.127 INFO     [pid=6327 thread=MainThread] BREADCRUMB {"event":"frame_catchup_capped","frame_seconds":0.089}
2026-08-02T07:28:24.209 INFO     [pid=6327 thread=MainThread] BREADCRUMB {"event":"frame_catchup_capped","frame_seconds":0.096}
2026-08-02T07:28:24.364 INFO     [pid=6327 thread=MainThread] BREADCRUMB {"event":"frame_catchup_capped","frame_seconds":0.081}
2026-08-02T07:28:24.520 INFO     [pid=6327 thread=MainThread] BREADCRUMB {"event":"frame_catchup_capped","frame_seconds":0.076}
2026-08-02T07:28:24.677 INFO     [pid=6327 thread=MainThread] BREADCRUMB {"event":"frame_catchup_capped","frame_seconds":0.076}
2026-08-02T07:28:24.850 INFO     [pid=6327 thread=MainThread] BREADCRUMB {"event":"frame_catchup_capped","frame_seconds":0.085}
2026-08-02T07:28:25.005 INFO     [pid=6327 thread=MainThread] BREADCRUMB {"event":"frame_catchup_capped","frame_seconds":0.073}
2026-08-02T07:28:25.089 INFO     [pid=6327 thread=MainThread] BREADCRUMB {"event":"frame_catchup_capped","frame_seconds":0.092}
2026-08-02T07:28:25.252 INFO     [pid=6327 thread=MainThread] BREADCRUMB {"event":"frame_catchup_capped","frame_seconds":0.077}
2026-08-02T07:28:25.401 INFO     [pid=6327 thread=MainThread] BREADCRUMB {"event":"frame_catchup_capped","frame_seconds":0.073}
2026-08-02T07:28:25.589 INFO     [pid=6327 thread=MainThread] BREADCRUMB {"event":"frame_catchup_capped","frame_seconds":0.086}
2026-08-02T07:28:25.706 INFO     [pid=6327 thread=MainThread] BREADCRUMB {"event":"frame_catchup_capped","frame_seconds":0.1}
2026-08-02T07:28:25.793 INFO     [pid=6327 thread=MainThread] BREADCRUMB {"event":"frame_catchup_capped","frame_seconds":0.095}
2026-08-02T07:28:25.949 INFO     [pid=6327 thread=MainThread] BREADCRUMB {"event":"frame_catchup_capped","frame_seconds":0.075}
2026-08-02T07:28:26.098 INFO     [pid=6327 thread=MainThread] BREADCRUMB {"event":"frame_catchup_capped","frame_seconds":0.075}
2026-08-02T07:28:26.319 INFO     [pid=6327 thread=MainThread] BREADCRUMB {"event":"frame_catchup_capped","frame_seconds":0.072}
2026-08-02T07:28:26.433 INFO     [pid=6327 thread=MainThread] BREADCRUMB {"event":"frame_catchup_capped","frame_seconds":0.1}
2026-08-02T07:28:26.591 INFO     [pid=6327 thread=MainThread] BREADCRUMB {"event":"frame_catchup_capped","frame_seconds":0.073}
2026-08-02T07:28:26.685 INFO     [pid=6327 thread=MainThread] BREADCRUMB {"event":"frame_catchup_capped","frame_seconds":0.084}
2026-08-02T07:28:26.771 INFO     [pid=6327 thread=MainThread] BREADCRUMB {"event":"frame_catchup_capped","frame_seconds":0.091}
2026-08-02T07:28:26.929 INFO     [pid=6327 thread=MainThread] BREADCRUMB {"event":"frame_catchup_capped","frame_seconds":0.078}
2026-08-02T07:28:27.105 INFO     [pid=6327 thread=MainThread] BREADCRUMB {"event":"frame_catchup_capped","frame_seconds":0.082}
2026-08-02T07:28:27.183 INFO     [pid=6327 thread=MainThread] BREADCRUMB {"event":"frame_catchup_capped","frame_seconds":0.096}
2026-08-02T07:28:27.474 INFO     [pid=6327 thread=MainThread] BREADCRUMB {"event":"frame_catchup_capped","frame_seconds":0.078}
2026-08-02T07:28:27.630 INFO     [pid=6327 thread=MainThread] BREADCRUMB {"event":"frame_catchup_capped","frame_seconds":0.074}
2026-08-02T07:28:27.791 INFO     [pid=6327 thread=MainThread] BREADCRUMB {"event":"frame_catchup_capped","frame_seconds":0.08}
2026-08-02T07:28:27.899 INFO     [pid=6327 thread=MainThread] BREADCRUMB {"event":"frame_catchup_capped","frame_seconds":0.1}
2026-08-02T07:28:27.986 INFO     [pid=6327 thread=MainThread] BREADCRUMB {"event":"frame_catchup_capped","frame_seconds":0.089}
2026-08-02T07:28:28.069 INFO     [pid=6327 thread=MainThread] BREADCRUMB {"event":"frame_catchup_capped","frame_seconds":0.086}
2026-08-02T07:28:28.161 INFO     [pid=6327 thread=MainThread] BREADCRUMB {"event":"frame_catchup_capped","frame_seconds":0.088}
2026-08-02T07:28:28.253 INFO     [pid=6327 thread=MainThread] BREADCRUMB {"event":"frame_catchup_capped","frame_seconds":0.09}
2026-08-02T07:28:28.335 INFO     [pid=6327 thread=MainThread] BREADCRUMB {"event":"frame_catchup_capped","frame_seconds":0.084}
2026-08-02T07:28:28.422 INFO     [pid=6327 thread=MainThread] BREADCRUMB {"event":"frame_catchup_capped","frame_seconds":0.09}
2026-08-02T07:28:28.521 INFO     [pid=6327 thread=MainThread] BREADCRUMB {"event":"frame_catchup_capped","frame_seconds":0.086}
2026-08-02T07:28:28.632 INFO     [pid=6327 thread=MainThread] BREADCRUMB {"event":"frame_catchup_capped","frame_seconds":0.1}
2026-08-02T07:28:28.716 INFO     [pid=6327 thread=MainThread] BREADCRUMB {"event":"frame_catchup_capped","frame_seconds":0.093}
2026-08-02T07:28:28.802 INFO     [pid=6327 thread=MainThread] BREADCRUMB {"event":"frame_catchup_capped","frame_seconds":0.087}
2026-08-02T07:28:28.887 INFO     [pid=6327 thread=MainThread] BREADCRUMB {"event":"frame_catchup_capped","frame_seconds":0.084}
2026-08-02T07:28:28.967 INFO     [pid=6327 thread=MainThread] BREADCRUMB {"event":"frame_catchup_capped","frame_seconds":0.084}
2026-08-02T07:28:29.117 INFO     [pid=6327 thread=MainThread] BREADCRUMB {"event":"frame_catchup_capped","frame_seconds":0.074}
2026-08-02T07:28:29.311 INFO     [pid=6327 thread=MainThread] BREADCRUMB {"event":"frame_catchup_capped","frame_seconds":0.1}
2026-08-02T07:28:29.395 INFO     [pid=6327 thread=MainThread] BREADCRUMB {"event":"frame_catchup_capped","frame_seconds":0.088}
2026-08-02T07:28:29.560 INFO     [pid=6327 thread=MainThread] BREADCRUMB {"event":"frame_catchup_capped","frame_seconds":0.082}
2026-08-02T07:28:29.720 INFO     [pid=6327 thread=MainThread] BREADCRUMB {"event":"frame_catchup_capped","frame_seconds":0.076}
2026-08-02T07:28:29.813 INFO     [pid=6327 thread=MainThread] BREADCRUMB {"event":"frame_catchup_capped","frame_seconds":0.094}
2026-08-02T07:28:29.897 INFO     [pid=6327 thread=MainThread] BREADCRUMB {"event":"frame_catchup_capped","frame_seconds":0.086}
2026-08-02T07:28:30.088 INFO     [pid=6327 thread=MainThread] BREADCRUMB {"event":"frame_catchup_capped","frame_seconds":0.1}
2026-08-02T07:28:30.171 INFO     [pid=6327 thread=MainThread] BREADCRUMB {"event":"frame_catchup_capped","frame_seconds":0.085}
2026-08-02T07:28:30.259 INFO     [pid=6327 thread=MainThread] BREADCRUMB {"event":"frame_catchup_capped","frame_seconds":0.089}
2026-08-02T07:28:30.346 INFO     [pid=6327 thread=MainThread] BREADCRUMB {"event":"frame_catchup_capped","frame_seconds":0.086}
2026-08-02T07:28:30.457 INFO     [pid=6327 thread=MainThread] BREADCRUMB {"event":"frame_catchup_capped","frame_seconds":0.1}
2026-08-02T07:28:30.543 INFO     [pid=6327 thread=MainThread] BREADCRUMB {"event":"frame_catchup_capped","frame_seconds":0.095}
2026-08-02T07:28:30.636 INFO     [pid=6327 thread=MainThread] BREADCRUMB {"event":"frame_catchup_capped","frame_seconds":0.088}
2026-08-02T07:28:30.715 INFO     [pid=6327 thread=MainThread] BREADCRUMB {"event":"frame_catchup_capped","frame_seconds":0.089}
2026-08-02T07:28:30.819 INFO     [pid=6327 thread=MainThread] BREADCRUMB {"event":"frame_catchup_capped","frame_seconds":0.1}
2026-08-02T07:28:30.901 INFO     [pid=6327 thread=MainThread] BREADCRUMB {"event":"frame_catchup_capped","frame_seconds":0.084}
2026-08-02T07:28:31.055 INFO     [pid=6327 thread=MainThread] BREADCRUMB {"event":"frame_catchup_capped","frame_seconds":0.071}
2026-08-02T07:28:31.219 INFO     [pid=6327 thread=MainThread] BREADCRUMB {"event":"frame_catchup_capped","frame_seconds":0.078}
2026-08-02T07:28:31.302 INFO     [pid=6327 thread=MainThread] BREADCRUMB {"event":"frame_catchup_capped","frame_seconds":0.084}
2026-08-02T07:28:31.474 INFO     [pid=6327 thread=MainThread] BREADCRUMB {"event":"frame_catchup_capped","frame_seconds":0.084}
2026-08-02T07:28:31.553 INFO     [pid=6327 thread=MainThread] BREADCRUMB {"event":"frame_catchup_capped","frame_seconds":0.092}
2026-08-02T07:28:31.718 INFO     [pid=6327 thread=MainThread] BREADCRUMB {"event":"frame_catchup_capped","frame_seconds":0.078}
2026-08-02T07:28:31.820 INFO     [pid=6327 thread=MainThread] BREADCRUMB {"event":"frame_catchup_capped","frame_seconds":0.097}
2026-08-02T07:28:31.906 INFO     [pid=6327 thread=MainThread] BREADCRUMB {"event":"frame_catchup_capped","frame_seconds":0.097}
2026-08-02T07:28:32.069 INFO     [pid=6327 thread=MainThread] BREADCRUMB {"event":"frame_catchup_capped","frame_seconds":0.076}
2026-08-02T07:28:32.251 INFO     [pid=6327 thread=MainThread] BREADCRUMB {"event":"frame_catchup_capped","frame_seconds":0.1}
2026-08-02T07:28:32.342 INFO     [pid=6327 thread=MainThread] BREADCRUMB {"event":"frame_catchup_capped","frame_seconds":0.09}
2026-08-02T07:28:32.432 INFO     [pid=6327 thread=MainThread] BREADCRUMB {"event":"frame_catchup_capped","frame_seconds":0.093}
2026-08-02T07:28:32.523 INFO     [pid=6327 thread=MainThread] BREADCRUMB {"event":"frame_catchup_capped","frame_seconds":0.086}
2026-08-02T07:28:32.689 INFO     [pid=6327 thread=MainThread] BREADCRUMB {"event":"frame_catchup_capped","frame_seconds":0.086}
2026-08-02T07:28:32.767 INFO     [pid=6327 thread=MainThread] BREADCRUMB {"event":"frame_catchup_capped","frame_seconds":0.086}
2026-08-02T07:28:32.945 INFO     [pid=6327 thread=MainThread] BREADCRUMB {"event":"frame_catchup_capped","frame_seconds":0.095}
2026-08-02T07:28:33.122 INFO     [pid=6327 thread=MainThread] BREADCRUMB {"event":"frame_catchup_capped","frame_seconds":0.085}
2026-08-02T07:28:33.208 INFO     [pid=6327 thread=MainThread] BREADCRUMB {"event":"frame_catchup_capped","frame_seconds":0.089}
2026-08-02T07:28:33.297 INFO     [pid=6327 thread=MainThread] BREADCRUMB {"event":"frame_catchup_capped","frame_seconds":0.096}
2026-08-02T07:28:33.448 INFO     [pid=6327 thread=MainThread] BREADCRUMB {"event":"frame_catchup_capped","frame_seconds":0.072}
2026-08-02T07:28:33.624 INFO     [pid=6327 thread=MainThread] BREADCRUMB {"event":"frame_catchup_capped","frame_seconds":0.091}
2026-08-02T07:28:33.701 INFO     [pid=6327 thread=MainThread] BREADCRUMB {"event":"frame_catchup_capped","frame_seconds":0.085}
2026-08-02T07:28:33.917 INFO     [pid=6327 thread=MainThread] BREADCRUMB {"event":"frame_catchup_capped","frame_seconds":0.074}
2026-08-02T07:28:34.016 INFO     [pid=6327 thread=MainThread] BREADCRUMB {"event":"frame_catchup_capped","frame_seconds":0.084}
2026-08-02T07:28:34.104 INFO     [pid=6327 thread=MainThread] BREADCRUMB {"event":"frame_catchup_capped","frame_seconds":0.098}
2026-08-02T07:28:34.186 INFO     [pid=6327 thread=MainThread] BREADCRUMB {"event":"frame_catchup_capped","frame_seconds":0.085}
2026-08-02T07:28:34.272 INFO     [pid=6327 thread=MainThread] BREADCRUMB {"event":"frame_catchup_capped","frame_seconds":0.085}
2026-08-02T07:28:34.384 INFO     [pid=6327 thread=MainThread] BREADCRUMB {"event":"frame_catchup_capped","frame_seconds":0.1}
2026-08-02T07:28:34.489 INFO     [pid=6327 thread=MainThread] BREADCRUMB {"event":"frame_catchup_capped","frame_seconds":0.1}
2026-08-02T07:28:34.585 INFO     [pid=6327 thread=MainThread] BREADCRUMB {"event":"frame_catchup_capped","frame_seconds":0.097}
2026-08-02T07:28:34.704 INFO     [pid=6327 thread=MainThread] BREADCRUMB {"event":"frame_catchup_capped","frame_seconds":0.1}
2026-08-02T07:28:34.825 INFO     [pid=6327 thread=MainThread] BREADCRUMB {"event":"frame_catchup_capped","frame_seconds":0.1}
2026-08-02T07:28:34.926 INFO     [pid=6327 thread=MainThread] BREADCRUMB {"event":"frame_catchup_capped","frame_seconds":0.1}
2026-08-02T07:28:35.027 INFO     [pid=6327 thread=MainThread] BREADCRUMB {"event":"frame_catchup_capped","frame_seconds":0.1}
2026-08-02T07:28:35.161 INFO     [pid=6327 thread=MainThread] BREADCRUMB {"event":"frame_catchup_capped","frame_seconds":0.1}
2026-08-02T07:28:35.285 INFO     [pid=6327 thread=MainThread] BREADCRUMB {"event":"frame_catchup_capped","frame_seconds":0.1}
2026-08-02T07:28:35.420 INFO     [pid=6327 thread=MainThread] BREADCRUMB {"event":"frame_catchup_capped","frame_seconds":0.1}
2026-08-02T07:28:35.569 INFO     [pid=6327 thread=MainThread] BREADCRUMB {"event":"frame_catchup_capped","frame_seconds":0.1}
2026-08-02T07:28:35.704 INFO     [pid=6327 thread=MainThread] BREADCRUMB {"event":"frame_catchup_capped","frame_seconds":0.1}
2026-08-02T07:28:35.815 INFO     [pid=6327 thread=MainThread] BREADCRUMB {"event":"frame_catchup_capped","frame_seconds":0.1}
2026-08-02T07:28:35.912 INFO     [pid=6327 thread=MainThread] BREADCRUMB {"event":"frame_catchup_capped","frame_seconds":0.1}
2026-08-02T07:28:36.020 INFO     [pid=6327 thread=MainThread] BREADCRUMB {"event":"frame_catchup_capped","frame_seconds":0.1}
2026-08-02T07:28:36.145 INFO     [pid=6327 thread=MainThread] BREADCRUMB {"event":"frame_catchup_capped","frame_seconds":0.1}
2026-08-02T07:28:36.246 INFO     [pid=6327 thread=MainThread] BREADCRUMB {"event":"frame_catchup_capped","frame_seconds":0.1}
2026-08-02T07:28:36.340 INFO     [pid=6327 thread=MainThread] BREADCRUMB {"event":"frame_catchup_capped","frame_seconds":0.087}
2026-08-02T07:28:36.432 INFO     [pid=6327 thread=MainThread] BREADCRUMB {"event":"frame_catchup_capped","frame_seconds":0.097}
2026-08-02T07:28:36.515 INFO     [pid=6327 thread=MainThread] BREADCRUMB {"event":"frame_catchup_capped","frame_seconds":0.084}
2026-08-02T07:28:36.689 INFO     [pid=6327 thread=MainThread] BREADCRUMB {"event":"frame_catchup_capped","frame_seconds":0.091}
2026-08-02T07:28:36.775 INFO     [pid=6327 thread=MainThread] BREADCRUMB {"event":"frame_catchup_capped","frame_seconds":0.091}
2026-08-02T07:28:36.904 INFO     [pid=6327 thread=MainThread] BREADCRUMB {"event":"frame_catchup_capped","frame_seconds":0.1}
2026-08-02T07:28:37.000 INFO     [pid=6327 thread=MainThread] BREADCRUMB {"event":"frame_catchup_capped","frame_seconds":0.1}
2026-08-02T07:28:37.123 INFO     [pid=6327 thread=MainThread] BREADCRUMB {"event":"frame_catchup_capped","frame_seconds":0.1}
2026-08-02T07:28:37.224 INFO     [pid=6327 thread=MainThread] BREADCRUMB {"event":"frame_catchup_capped","frame_seconds":0.1}
2026-08-02T07:28:37.321 INFO     [pid=6327 thread=MainThread] BREADCRUMB {"event":"frame_catchup_capped","frame_seconds":0.098}
2026-08-02T07:28:37.425 INFO     [pid=6327 thread=MainThread] BREADCRUMB {"event":"frame_catchup_capped","frame_seconds":0.1}
2026-08-02T07:28:37.520 INFO     [pid=6327 thread=MainThread] BREADCRUMB {"event":"frame_catchup_capped","frame_seconds":0.1}
2026-08-02T07:28:37.620 INFO     [pid=6327 thread=MainThread] BREADCRUMB {"event":"frame_catchup_capped","frame_seconds":0.098}
2026-08-02T07:28:37.752 INFO     [pid=6327 thread=MainThread] BREADCRUMB {"event":"frame_catchup_capped","frame_seconds":0.1}
2026-08-02T07:28:37.857 INFO     [pid=6327 thread=MainThread] BREADCRUMB {"event":"frame_catchup_capped","frame_seconds":0.1}
2026-08-02T07:28:37.965 INFO     [pid=6327 thread=MainThread] BREADCRUMB {"event":"frame_catchup_capped","frame_seconds":0.1}
2026-08-02T07:28:38.053 INFO     [pid=6327 thread=MainThread] BREADCRUMB {"event":"frame_catchup_capped","frame_seconds":0.093}
2026-08-02T07:28:38.145 INFO     [pid=6327 thread=MainThread] BREADCRUMB {"event":"frame_catchup_capped","frame_seconds":0.091}
2026-08-02T07:28:38.245 INFO     [pid=6327 thread=MainThread] BREADCRUMB {"event":"frame_catchup_capped","frame_seconds":0.1}
2026-08-02T07:28:38.335 INFO     [pid=6327 thread=MainThread] BREADCRUMB {"event":"frame_catchup_capped","frame_seconds":0.091}
2026-08-02T07:28:38.428 INFO     [pid=6327 thread=MainThread] BREADCRUMB {"event":"frame_catchup_capped","frame_seconds":0.089}
2026-08-02T07:28:38.527 INFO     [pid=6327 thread=MainThread] BREADCRUMB {"event":"frame_catchup_capped","frame_seconds":0.1}
2026-08-02T07:28:38.628 INFO     [pid=6327 thread=MainThread] BREADCRUMB {"event":"frame_catchup_capped","frame_seconds":0.1}
2026-08-02T07:28:38.845 INFO     [pid=6327 thread=MainThread] BREADCRUMB {"event":"frame_catchup_capped","frame_seconds":0.07}
2026-08-02T07:28:38.999 INFO     [pid=6327 thread=MainThread] BREADCRUMB {"event":"frame_catchup_capped","frame_seconds":0.078}
2026-08-02T07:28:39.084 INFO     [pid=6327 thread=MainThread] BREADCRUMB {"event":"frame_catchup_capped","frame_seconds":0.084}
2026-08-02T07:28:39.167 INFO     [pid=6327 thread=MainThread] BREADCRUMB {"event":"frame_catchup_capped","frame_seconds":0.085}
2026-08-02T07:28:39.266 INFO     [pid=6327 thread=MainThread] BREADCRUMB {"event":"frame_catchup_capped","frame_seconds":0.097}
2026-08-02T07:28:39.357 INFO     [pid=6327 thread=MainThread] BREADCRUMB {"event":"frame_catchup_capped","frame_seconds":0.087}
2026-08-02T07:28:39.449 INFO     [pid=6327 thread=MainThread] BREADCRUMB {"event":"frame_catchup_capped","frame_seconds":0.088}
2026-08-02T07:28:39.537 INFO     [pid=6327 thread=MainThread] BREADCRUMB {"event":"frame_catchup_capped","frame_seconds":0.091}
2026-08-02T07:28:39.687 INFO     [pid=6327 thread=MainThread] BREADCRUMB {"event":"frame_catchup_capped","frame_seconds":0.075}
2026-08-02T07:28:39.849 INFO     [pid=6327 thread=MainThread] BREADCRUMB {"event":"frame_catchup_capped","frame_seconds":0.076}
2026-08-02T07:28:39.962 INFO     [pid=6327 thread=MainThread] BREADCRUMB {"event":"frame_catchup_capped","frame_seconds":0.089}
2026-08-02T07:28:40.061 INFO     [pid=6327 thread=MainThread] BREADCRUMB {"event":"frame_catchup_capped","frame_seconds":0.1}
2026-08-02T07:28:40.155 INFO     [pid=6327 thread=MainThread] BREADCRUMB {"event":"frame_catchup_capped","frame_seconds":0.096}
2026-08-02T07:28:40.238 INFO     [pid=6327 thread=MainThread] BREADCRUMB {"event":"frame_catchup_capped","frame_seconds":0.085}
2026-08-02T07:28:40.327 INFO     [pid=6327 thread=MainThread] BREADCRUMB {"event":"frame_catchup_capped","frame_seconds":0.089}
2026-08-02T07:28:40.480 INFO     [pid=6327 thread=MainThread] BREADCRUMB {"event":"frame_catchup_capped","frame_seconds":0.076}
2026-08-02T07:28:40.726 INFO     [pid=6327 thread=MainThread] BREADCRUMB {"event":"frame_catchup_capped","frame_seconds":0.099}
2026-08-02T07:28:40.813 INFO     [pid=6327 thread=MainThread] BREADCRUMB {"event":"frame_catchup_capped","frame_seconds":0.084}
2026-08-02T07:28:40.900 INFO     [pid=6327 thread=MainThread] BREADCRUMB {"event":"frame_catchup_capped","frame_seconds":0.087}
2026-08-02T07:28:40.993 INFO     [pid=6327 thread=MainThread] BREADCRUMB {"event":"frame_catchup_capped","frame_seconds":0.092}
2026-08-02T07:28:41.073 INFO     [pid=6327 thread=MainThread] BREADCRUMB {"event":"frame_catchup_capped","frame_seconds":0.084}
2026-08-02T07:28:41.227 INFO     [pid=6327 thread=MainThread] BREADCRUMB {"event":"frame_catchup_capped","frame_seconds":0.073}
2026-08-02T07:28:41.412 INFO     [pid=6327 thread=MainThread] BREADCRUMB {"event":"frame_catchup_capped","frame_seconds":0.088}
2026-08-02T07:28:41.527 INFO     [pid=6327 thread=MainThread] BREADCRUMB {"event":"frame_catchup_capped","frame_seconds":0.1}
2026-08-02T07:28:41.604 INFO     [pid=6327 thread=MainThread] BREADCRUMB {"event":"frame_catchup_capped","frame_seconds":0.09}
2026-08-02T07:28:41.765 INFO     [pid=6327 thread=MainThread] BREADCRUMB {"event":"frame_catchup_capped","frame_seconds":0.074}
2026-08-02T07:28:41.850 INFO     [pid=6327 thread=MainThread] BREADCRUMB {"event":"frame_catchup_capped","frame_seconds":0.084}
2026-08-02T07:28:41.935 INFO     [pid=6327 thread=MainThread] BREADCRUMB {"event":"frame_catchup_capped","frame_seconds":0.087}
2026-08-02T07:28:42.104 INFO     [pid=6327 thread=MainThread] BREADCRUMB {"event":"frame_catchup_capped","frame_seconds":0.089}
2026-08-02T07:28:42.209 INFO     [pid=6327 thread=MainThread] BREADCRUMB {"event":"frame_catchup_capped","frame_seconds":0.1}
2026-08-02T07:28:42.371 INFO     [pid=6327 thread=MainThread] BREADCRUMB {"event":"frame_catchup_capped","frame_seconds":0.079}
2026-08-02T07:28:42.514 INFO     [pid=6327 thread=MainThread] BREADCRUMB {"event":"frame_catchup_capped","frame_seconds":0.071}
2026-08-02T07:28:42.805 INFO     [pid=6327 thread=MainThread] BREADCRUMB {"event":"frame_catchup_capped","frame_seconds":0.076}
2026-08-02T07:28:42.919 INFO     [pid=6327 thread=MainThread] BREADCRUMB {"event":"frame_catchup_capped","frame_seconds":0.1}
2026-08-02T07:28:43.072 INFO     [pid=6327 thread=MainThread] BREADCRUMB {"event":"frame_catchup_capped","frame_seconds":0.078}
2026-08-02T07:28:43.290 INFO     [pid=6327 thread=MainThread] BREADCRUMB {"event":"frame_catchup_capped","frame_seconds":0.076}
2026-08-02T07:28:43.459 INFO     [pid=6327 thread=MainThread] BREADCRUMB {"event":"frame_catchup_capped","frame_seconds":0.088}
2026-08-02T07:28:43.558 INFO     [pid=6327 thread=MainThread] BREADCRUMB {"event":"frame_catchup_capped","frame_seconds":0.09}
2026-08-02T07:28:43.681 INFO     [pid=6327 thread=MainThread] BREADCRUMB {"event":"frame_catchup_capped","frame_seconds":0.1}
2026-08-02T07:28:43.796 INFO     [pid=6327 thread=MainThread] BREADCRUMB {"event":"frame_catchup_capped","frame_seconds":0.1}
2026-08-02T07:28:43.909 INFO     [pid=6327 thread=MainThread] BREADCRUMB {"event":"frame_catchup_capped","frame_seconds":0.1}
2026-08-02T07:28:44.005 INFO     [pid=6327 thread=MainThread] BREADCRUMB {"event":"frame_catchup_capped","frame_seconds":0.095}
2026-08-02T07:28:44.125 INFO     [pid=6327 thread=MainThread] BREADCRUMB {"event":"frame_catchup_capped","frame_seconds":0.1}
2026-08-02T07:28:44.232 INFO     [pid=6327 thread=MainThread] BREADCRUMB {"event":"frame_catchup_capped","frame_seconds":0.1}
2026-08-02T07:28:44.345 INFO     [pid=6327 thread=MainThread] BREADCRUMB {"event":"frame_catchup_capped","frame_seconds":0.1}
2026-08-02T07:28:44.498 INFO     [pid=6327 thread=MainThread] BREADCRUMB {"event":"frame_catchup_capped","frame_seconds":0.1}
2026-08-02T07:28:44.622 INFO     [pid=6327 thread=MainThread] BREADCRUMB {"event":"frame_catchup_capped","frame_seconds":0.1}
2026-08-02T07:28:44.722 INFO     [pid=6327 thread=MainThread] BREADCRUMB {"event":"frame_catchup_capped","frame_seconds":0.1}
2026-08-02T07:28:44.823 INFO     [pid=6327 thread=MainThread] BREADCRUMB {"event":"frame_catchup_capped","frame_seconds":0.1}
2026-08-02T07:28:44.936 INFO     [pid=6327 thread=MainThread] BREADCRUMB {"event":"frame_catchup_capped","frame_seconds":0.1}
2026-08-02T07:28:45.044 INFO     [pid=6327 thread=MainThread] BREADCRUMB {"event":"frame_catchup_capped","frame_seconds":0.1}
2026-08-02T07:28:45.152 INFO     [pid=6327 thread=MainThread] BREADCRUMB {"event":"frame_catchup_capped","frame_seconds":0.1}
2026-08-02T07:28:45.259 INFO     [pid=6327 thread=MainThread] BREADCRUMB {"event":"frame_catchup_capped","frame_seconds":0.1}
2026-08-02T07:28:45.425 INFO     [pid=6327 thread=MainThread] BREADCRUMB {"event":"frame_catchup_capped","frame_seconds":0.1}
2026-08-02T07:28:45.538 INFO     [pid=6327 thread=MainThread] BREADCRUMB {"event":"frame_catchup_capped","frame_seconds":0.1}
2026-08-02T07:28:45.653 INFO     [pid=6327 thread=MainThread] BREADCRUMB {"event":"frame_catchup_capped","frame_seconds":0.1}
2026-08-02T07:28:45.754 INFO     [pid=6327 thread=MainThread] BREADCRUMB {"event":"frame_catchup_capped","frame_seconds":0.1}
2026-08-02T07:28:45.864 INFO     [pid=6327 thread=MainThread] BREADCRUMB {"event":"frame_catchup_capped","frame_seconds":0.095}
2026-08-02T07:28:45.958 INFO     [pid=6327 thread=MainThread] BREADCRUMB {"event":"frame_catchup_capped","frame_seconds":0.1}
2026-08-02T07:28:46.044 INFO     [pid=6327 thread=MainThread] BREADCRUMB {"event":"frame_catchup_capped","frame_seconds":0.09}
2026-08-02T07:28:46.130 INFO     [pid=6327 thread=MainThread] BREADCRUMB {"event":"frame_catchup_capped","frame_seconds":0.085}
2026-08-02T07:28:46.245 INFO     [pid=6327 thread=MainThread] BREADCRUMB {"event":"frame_catchup_capped","frame_seconds":0.094}
2026-08-02T07:28:46.334 INFO     [pid=6327 thread=MainThread] BREADCRUMB {"event":"frame_catchup_capped","frame_seconds":0.1}
2026-08-02T07:28:46.688 INFO     [pid=6327 thread=MainThread] BREADCRUMB {"event":"frame_catchup_capped","frame_seconds":0.078}
2026-08-02T07:28:46.849 INFO     [pid=6327 thread=MainThread] BREADCRUMB {"event":"frame_catchup_capped","frame_seconds":0.077}
2026-08-02T07:28:46.947 INFO     [pid=6327 thread=MainThread] BREADCRUMB {"event":"frame_catchup_capped","frame_seconds":0.094}
2026-08-02T07:28:47.039 INFO     [pid=6327 thread=MainThread] BREADCRUMB {"event":"frame_catchup_capped","frame_seconds":0.091}
2026-08-02T07:28:47.126 INFO     [pid=6327 thread=MainThread] BREADCRUMB {"event":"frame_catchup_capped","frame_seconds":0.088}
2026-08-02T07:28:47.207 INFO     [pid=6327 thread=MainThread] BREADCRUMB {"event":"frame_catchup_capped","frame_seconds":0.087}
2026-08-02T07:28:47.369 INFO     [pid=6327 thread=MainThread] BREADCRUMB {"event":"frame_catchup_capped","frame_seconds":0.077}
2026-08-02T07:28:47.528 INFO     [pid=6327 thread=MainThread] BREADCRUMB {"event":"frame_catchup_capped","frame_seconds":0.076}
2026-08-02T07:28:47.723 INFO     [pid=6327 thread=MainThread] BREADCRUMB {"event":"frame_catchup_capped","frame_seconds":0.1}
2026-08-02T07:28:47.815 INFO     [pid=6327 thread=MainThread] BREADCRUMB {"event":"frame_catchup_capped","frame_seconds":0.089}
2026-08-02T07:28:47.897 INFO     [pid=6327 thread=MainThread] BREADCRUMB {"event":"frame_catchup_capped","frame_seconds":0.087}
2026-08-02T07:28:48.051 INFO     [pid=6327 thread=MainThread] BREADCRUMB {"event":"frame_catchup_capped","frame_seconds":0.075}
2026-08-02T07:28:48.203 INFO     [pid=6327 thread=MainThread] BREADCRUMB {"event":"frame_catchup_capped","frame_seconds":0.075}
2026-08-02T07:28:48.380 INFO     [pid=6327 thread=MainThread] BREADCRUMB {"event":"frame_catchup_capped","frame_seconds":0.085}
2026-08-02T07:28:48.457 INFO     [pid=6327 thread=MainThread] BREADCRUMB {"event":"frame_catchup_capped","frame_seconds":0.095}
2026-08-02T07:28:48.619 INFO     [pid=6327 thread=MainThread] BREADCRUMB {"event":"frame_catchup_capped","frame_seconds":0.077}
2026-08-02T07:28:48.779 INFO     [pid=6327 thread=MainThread] BREADCRUMB {"event":"frame_catchup_capped","frame_seconds":0.082}
2026-08-02T07:28:48.968 INFO     [pid=6327 thread=MainThread] BREADCRUMB {"event":"frame_catchup_capped","frame_seconds":0.1}
2026-08-02T07:28:49.072 INFO     [pid=6327 thread=MainThread] BREADCRUMB {"event":"frame_catchup_capped","frame_seconds":0.1}
2026-08-02T07:28:49.191 INFO     [pid=6327 thread=MainThread] BREADCRUMB {"event":"frame_catchup_capped","frame_seconds":0.1}
2026-08-02T07:28:49.280 INFO     [pid=6327 thread=MainThread] BREADCRUMB {"event":"frame_catchup_capped","frame_seconds":0.09}
2026-08-02T07:28:49.381 INFO     [pid=6327 thread=MainThread] BREADCRUMB {"event":"frame_catchup_capped","frame_seconds":0.1}
2026-08-02T07:28:49.491 INFO     [pid=6327 thread=MainThread] BREADCRUMB {"event":"frame_catchup_capped","frame_seconds":0.1}
2026-08-02T07:28:49.588 INFO     [pid=6327 thread=MainThread] BREADCRUMB {"event":"frame_catchup_capped","frame_seconds":0.093}
2026-08-02T07:28:49.692 INFO     [pid=6327 thread=MainThread] BREADCRUMB {"event":"frame_catchup_capped","frame_seconds":0.098}
2026-08-02T07:28:49.792 INFO     [pid=6327 thread=MainThread] BREADCRUMB {"event":"frame_catchup_capped","frame_seconds":0.1}
2026-08-02T07:28:49.873 INFO     [pid=6327 thread=MainThread] BREADCRUMB {"event":"frame_catchup_capped","frame_seconds":0.089}
2026-08-02T07:28:49.973 INFO     [pid=6327 thread=MainThread] BREADCRUMB {"event":"frame_catchup_capped","frame_seconds":0.099}
2026-08-02T07:28:50.061 INFO     [pid=6327 thread=MainThread] BREADCRUMB {"event":"frame_catchup_capped","frame_seconds":0.087}
2026-08-02T07:28:50.208 INFO     [pid=6327 thread=MainThread] BREADCRUMB {"event":"frame_catchup_capped","frame_seconds":0.072}
2026-08-02T07:28:50.502 INFO     [pid=6327 thread=MainThread] BREADCRUMB {"event":"frame_catchup_capped","frame_seconds":0.076}
2026-08-02T07:28:50.682 INFO     [pid=6327 thread=MainThread] BREADCRUMB {"event":"frame_catchup_capped","frame_seconds":0.097}
2026-08-02T07:28:50.831 INFO     [pid=6327 thread=MainThread] BREADCRUMB {"event":"frame_catchup_capped","frame_seconds":0.071}
2026-08-02T07:28:51.120 INFO     [pid=6327 thread=MainThread] BREADCRUMB {"event":"frame_catchup_capped","frame_seconds":0.077}
2026-08-02T07:28:51.208 INFO     [pid=6327 thread=MainThread] BREADCRUMB {"event":"frame_catchup_capped","frame_seconds":0.09}
2026-08-02T07:28:51.306 INFO     [pid=6327 thread=MainThread] BREADCRUMB {"event":"frame_catchup_capped","frame_seconds":0.086}
2026-08-02T07:28:51.400 INFO     [pid=6327 thread=MainThread] BREADCRUMB {"event":"frame_catchup_capped","frame_seconds":0.1}
2026-08-02T07:28:51.552 INFO     [pid=6327 thread=MainThread] BREADCRUMB {"event":"frame_catchup_capped","frame_seconds":0.072}
2026-08-02T07:28:51.706 INFO     [pid=6327 thread=MainThread] BREADCRUMB {"event":"frame_catchup_capped","frame_seconds":0.076}
2026-08-02T07:28:51.799 INFO     [pid=6327 thread=MainThread] BREADCRUMB {"event":"frame_catchup_capped","frame_seconds":0.085}
2026-08-02T07:28:51.890 INFO     [pid=6327 thread=MainThread] BREADCRUMB {"event":"frame_catchup_capped","frame_seconds":0.098}
2026-08-02T07:28:51.979 INFO     [pid=6327 thread=MainThread] BREADCRUMB {"event":"frame_catchup_capped","frame_seconds":0.089}
2026-08-02T07:28:52.077 INFO     [pid=6327 thread=MainThread] BREADCRUMB {"event":"frame_catchup_capped","frame_seconds":0.091}
2026-08-02T07:28:52.168 INFO     [pid=6327 thread=MainThread] BREADCRUMB {"event":"frame_catchup_capped","frame_seconds":0.1}
2026-08-02T07:28:52.313 INFO     [pid=6327 thread=MainThread] BREADCRUMB {"event":"frame_catchup_capped","frame_seconds":0.072}
2026-08-02T07:28:52.613 INFO     [pid=6327 thread=MainThread] BREADCRUMB {"event":"frame_catchup_capped","frame_seconds":0.075}
2026-08-02T07:28:52.695 INFO     [pid=6327 thread=MainThread] BREADCRUMB {"event":"frame_catchup_capped","frame_seconds":0.084}
2026-08-02T07:28:52.796 INFO     [pid=6327 thread=MainThread] BREADCRUMB {"event":"frame_catchup_capped","frame_seconds":0.085}
2026-08-02T07:28:52.883 INFO     [pid=6327 thread=MainThread] BREADCRUMB {"event":"frame_catchup_capped","frame_seconds":0.1}
2026-08-02T07:28:53.043 INFO     [pid=6327 thread=MainThread] BREADCRUMB {"event":"frame_catchup_capped","frame_seconds":0.079}
2026-08-02T07:28:53.138 INFO     [pid=6327 thread=MainThread] BREADCRUMB {"event":"frame_catchup_capped","frame_seconds":0.093}
2026-08-02T07:28:53.224 INFO     [pid=6327 thread=MainThread] BREADCRUMB {"event":"frame_catchup_capped","frame_seconds":0.092}
2026-08-02T07:28:53.320 INFO     [pid=6327 thread=MainThread] BREADCRUMB {"event":"frame_catchup_capped","frame_seconds":0.091}
2026-08-02T07:28:53.403 INFO     [pid=6327 thread=MainThread] BREADCRUMB {"event":"frame_catchup_capped","frame_seconds":0.091}
2026-08-02T07:28:53.505 INFO     [pid=6327 thread=MainThread] BREADCRUMB {"event":"frame_catchup_capped","frame_seconds":0.091}
2026-08-02T07:28:53.616 INFO     [pid=6327 thread=MainThread] BREADCRUMB {"event":"frame_catchup_capped","frame_seconds":0.1}
2026-08-02T07:28:53.712 INFO     [pid=6327 thread=MainThread] BREADCRUMB {"event":"frame_catchup_capped","frame_seconds":0.09}
2026-08-02T07:28:53.793 INFO     [pid=6327 thread=MainThread] BREADCRUMB {"event":"frame_catchup_capped","frame_seconds":0.092}
2026-08-02T07:28:53.878 INFO     [pid=6327 thread=MainThread] BREADCRUMB {"event":"frame_catchup_capped","frame_seconds":0.084}
2026-08-02T07:28:53.956 INFO     [pid=6327 thread=MainThread] BREADCRUMB {"event":"frame_catchup_capped","frame_seconds":0.084}
2026-08-02T07:28:54.124 INFO     [pid=6327 thread=MainThread] BREADCRUMB {"event":"frame_catchup_capped","frame_seconds":0.079}
2026-08-02T07:28:54.213 INFO     [pid=6327 thread=MainThread] BREADCRUMB {"event":"frame_catchup_capped","frame_seconds":0.093}
2026-08-02T07:28:54.323 INFO     [pid=6327 thread=MainThread] BREADCRUMB {"event":"frame_catchup_capped","frame_seconds":0.1}
2026-08-02T07:28:54.406 INFO     [pid=6327 thread=MainThread] BREADCRUMB {"event":"frame_catchup_capped","frame_seconds":0.084}
2026-08-02T07:28:54.552 INFO     [pid=6327 thread=MainThread] BREADCRUMB {"event":"frame_catchup_capped","frame_seconds":0.072}
2026-08-02T07:28:54.770 INFO     [pid=6327 thread=MainThread] BREADCRUMB {"event":"frame_catchup_capped","frame_seconds":0.072}
2026-08-02T07:28:55.024 INFO     [pid=6327 thread=MainThread] BREADCRUMB {"event":"frame_catchup_capped","frame_seconds":0.098}
2026-08-02T07:28:55.099 INFO     [pid=6327 thread=MainThread] BREADCRUMB {"event":"frame_catchup_capped","frame_seconds":0.085}
2026-08-02T07:28:55.271 INFO     [pid=6327 thread=MainThread] BREADCRUMB {"event":"frame_catchup_capped","frame_seconds":0.081}
2026-08-02T07:28:55.356 INFO     [pid=6327 thread=MainThread] BREADCRUMB {"event":"frame_catchup_capped","frame_seconds":0.095}
2026-08-02T07:28:55.446 INFO     [pid=6327 thread=MainThread] BREADCRUMB {"event":"frame_catchup_capped","frame_seconds":0.086}
2026-08-02T07:28:55.604 INFO     [pid=6327 thread=MainThread] BREADCRUMB {"event":"frame_catchup_capped","frame_seconds":0.076}
2026-08-02T07:28:55.692 INFO     [pid=6327 thread=MainThread] BREADCRUMB {"event":"frame_catchup_capped","frame_seconds":0.085}
2026-08-02T07:28:55.774 INFO     [pid=6327 thread=MainThread] BREADCRUMB {"event":"frame_catchup_capped","frame_seconds":0.09}
2026-08-02T07:28:55.921 INFO     [pid=6327 thread=MainThread] BREADCRUMB {"event":"frame_catchup_capped","frame_seconds":0.074}
2026-08-02T07:28:56.156 INFO     [pid=6327 thread=MainThread] BREADCRUMB {"event":"frame_catchup_capped","frame_seconds":0.079}
2026-08-02T07:28:56.313 INFO     [pid=6327 thread=MainThread] BREADCRUMB {"event":"frame_catchup_capped","frame_seconds":0.078}
2026-08-02T07:28:56.421 INFO     [pid=6327 thread=MainThread] BREADCRUMB {"event":"frame_catchup_capped","frame_seconds":0.098}
2026-08-02T07:28:56.509 INFO     [pid=6327 thread=MainThread] BREADCRUMB {"event":"frame_catchup_capped","frame_seconds":0.1}
2026-08-02T07:28:56.669 INFO     [pid=6327 thread=MainThread] BREADCRUMB {"event":"frame_catchup_capped","frame_seconds":0.079}
2026-08-02T07:28:56.839 INFO     [pid=6327 thread=MainThread] BREADCRUMB {"event":"frame_catchup_capped","frame_seconds":0.08}
2026-08-02T07:28:56.933 INFO     [pid=6327 thread=MainThread] BREADCRUMB {"event":"frame_catchup_capped","frame_seconds":0.095}
2026-08-02T07:28:57.034 INFO     [pid=6327 thread=MainThread] BREADCRUMB {"event":"frame_catchup_capped","frame_seconds":0.098}
2026-08-02T07:28:57.148 INFO     [pid=6327 thread=MainThread] BREADCRUMB {"event":"frame_catchup_capped","frame_seconds":0.1}
2026-08-02T07:28:57.268 INFO     [pid=6327 thread=MainThread] BREADCRUMB {"event":"frame_catchup_capped","frame_seconds":0.1}
2026-08-02T07:28:57.354 INFO     [pid=6327 thread=MainThread] BREADCRUMB {"event":"frame_catchup_capped","frame_seconds":0.097}
2026-08-02T07:28:57.436 INFO     [pid=6327 thread=MainThread] BREADCRUMB {"event":"frame_catchup_capped","frame_seconds":0.088}
2026-08-02T07:28:57.583 INFO     [pid=6327 thread=MainThread] BREADCRUMB {"event":"frame_catchup_capped","frame_seconds":0.069}
2026-08-02T07:28:57.899 INFO     [pid=6327 thread=MainThread] BREADCRUMB {"event":"frame_catchup_capped","frame_seconds":0.084}
2026-08-02T07:28:57.981 INFO     [pid=6327 thread=MainThread] BREADCRUMB {"event":"frame_catchup_capped","frame_seconds":0.098}
2026-08-02T07:28:58.199 INFO     [pid=6327 thread=MainThread] BREADCRUMB {"event":"frame_catchup_capped","frame_seconds":0.074}
2026-08-02T07:28:58.369 INFO     [pid=6327 thread=MainThread] BREADCRUMB {"event":"frame_catchup_capped","frame_seconds":0.085}
2026-08-02T07:28:58.454 INFO     [pid=6327 thread=MainThread] BREADCRUMB {"event":"frame_catchup_capped","frame_seconds":0.084}
2026-08-02T07:28:58.536 INFO     [pid=6327 thread=MainThread] BREADCRUMB {"event":"frame_catchup_capped","frame_seconds":0.084}
2026-08-02T07:28:58.637 INFO     [pid=6327 thread=MainThread] BREADCRUMB {"event":"frame_catchup_capped","frame_seconds":0.1}
2026-08-02T07:28:58.791 INFO     [pid=6327 thread=MainThread] BREADCRUMB {"event":"frame_catchup_capped","frame_seconds":0.073}
2026-08-02T07:28:58.952 INFO     [pid=6327 thread=MainThread] BREADCRUMB {"event":"frame_catchup_capped","frame_seconds":0.079}
2026-08-02T07:28:59.044 INFO     [pid=6327 thread=MainThread] BREADCRUMB {"event":"frame_catchup_capped","frame_seconds":0.087}
2026-08-02T07:28:59.123 INFO     [pid=6327 thread=MainThread] BREADCRUMB {"event":"frame_catchup_capped","frame_seconds":0.084}
2026-08-02T07:28:59.310 INFO     [pid=6327 thread=MainThread] BREADCRUMB {"event":"frame_catchup_capped","frame_seconds":0.094}
2026-08-02T07:28:59.420 INFO     [pid=6327 thread=MainThread] BREADCRUMB {"event":"frame_catchup_capped","frame_seconds":0.1}
2026-08-02T07:28:59.502 INFO     [pid=6327 thread=MainThread] BREADCRUMB {"event":"frame_catchup_capped","frame_seconds":0.088}
2026-08-02T07:28:59.653 INFO     [pid=6327 thread=MainThread] BREADCRUMB {"event":"frame_catchup_capped","frame_seconds":0.074}
2026-08-02T07:28:59.883 INFO     [pid=6327 thread=MainThread] BREADCRUMB {"event":"frame_catchup_capped","frame_seconds":0.078}
2026-08-02T07:29:00.074 INFO     [pid=6327 thread=MainThread] BREADCRUMB {"event":"frame_catchup_capped","frame_seconds":0.083}
2026-08-02T07:29:00.148 INFO     [pid=6327 thread=MainThread] BREADCRUMB {"event":"frame_catchup_capped","frame_seconds":0.1}
2026-08-02T07:29:00.380 INFO     [pid=6327 thread=MainThread] BREADCRUMB {"event":"frame_catchup_capped","frame_seconds":0.079}
2026-08-02T07:29:00.487 INFO     [pid=6327 thread=MainThread] BREADCRUMB {"event":"frame_catchup_capped","frame_seconds":0.099}
2026-08-02T07:29:00.585 INFO     [pid=6327 thread=MainThread] BREADCRUMB {"event":"frame_catchup_capped","frame_seconds":0.1}
2026-08-02T07:29:00.752 INFO     [pid=6327 thread=MainThread] BREADCRUMB {"event":"frame_catchup_capped","frame_seconds":0.077}
2026-08-02T07:29:00.848 INFO     [pid=6327 thread=MainThread] BREADCRUMB {"event":"frame_catchup_capped","frame_seconds":0.089}
2026-08-02T07:29:00.938 INFO     [pid=6327 thread=MainThread] BREADCRUMB {"event":"frame_catchup_capped","frame_seconds":0.099}
2026-08-02T07:29:01.024 INFO     [pid=6327 thread=MainThread] BREADCRUMB {"event":"frame_catchup_capped","frame_seconds":0.084}
2026-08-02T07:29:01.107 INFO     [pid=6327 thread=MainThread] BREADCRUMB {"event":"frame_catchup_capped","frame_seconds":0.086}
2026-08-02T07:29:01.188 INFO     [pid=6327 thread=MainThread] BREADCRUMB {"event":"frame_catchup_capped","frame_seconds":0.086}
2026-08-02T07:29:01.345 INFO     [pid=6327 thread=MainThread] BREADCRUMB {"event":"frame_catchup_capped","frame_seconds":0.076}
2026-08-02T07:29:01.500 INFO     [pid=6327 thread=MainThread] BREADCRUMB {"event":"frame_catchup_capped","frame_seconds":0.076}
2026-08-02T07:29:01.595 INFO     [pid=6327 thread=MainThread] BREADCRUMB {"event":"frame_catchup_capped","frame_seconds":0.091}
2026-08-02T07:29:01.742 INFO     [pid=6327 thread=MainThread] BREADCRUMB {"event":"frame_catchup_capped","frame_seconds":0.07}
2026-08-02T07:29:01.899 INFO     [pid=6327 thread=MainThread] BREADCRUMB {"event":"frame_catchup_capped","frame_seconds":0.08}
2026-08-02T07:29:02.051 INFO     [pid=6327 thread=MainThread] BREADCRUMB {"event":"frame_catchup_capped","frame_seconds":0.079}
2026-08-02T07:29:02.209 INFO     [pid=6327 thread=MainThread] BREADCRUMB {"event":"frame_catchup_capped","frame_seconds":0.077}
2026-08-02T07:29:02.313 INFO     [pid=6327 thread=MainThread] BREADCRUMB {"event":"frame_catchup_capped","frame_seconds":0.1}
2026-08-02T07:29:02.535 INFO     [pid=6327 thread=MainThread] BREADCRUMB {"event":"frame_catchup_capped","frame_seconds":0.077}
2026-08-02T07:29:02.616 INFO     [pid=6327 thread=MainThread] BREADCRUMB {"event":"frame_catchup_capped","frame_seconds":0.088}
2026-08-02T07:29:02.715 INFO     [pid=6327 thread=MainThread] BREADCRUMB {"event":"frame_catchup_capped","frame_seconds":0.087}
2026-08-02T07:29:02.854 INFO     [pid=6327 thread=MainThread] BREADCRUMB {"event":"frame_catchup_capped","frame_seconds":0.1}
2026-08-02T07:29:03.020 INFO     [pid=6327 thread=MainThread] BREADCRUMB {"event":"frame_catchup_capped","frame_seconds":0.1}
2026-08-02T07:29:03.163 INFO     [pid=6327 thread=MainThread] BREADCRUMB {"event":"frame_catchup_capped","frame_seconds":0.1}
2026-08-02T07:29:03.284 INFO     [pid=6327 thread=MainThread] BREADCRUMB {"event":"frame_catchup_capped","frame_seconds":0.1}
2026-08-02T07:29:03.391 INFO     [pid=6327 thread=MainThread] BREADCRUMB {"event":"frame_catchup_capped","frame_seconds":0.1}
2026-08-02T07:29:03.507 INFO     [pid=6327 thread=MainThread] BREADCRUMB {"event":"frame_catchup_capped","frame_seconds":0.1}
2026-08-02T07:29:03.635 INFO     [pid=6327 thread=MainThread] BREADCRUMB {"event":"frame_catchup_capped","frame_seconds":0.1}
2026-08-02T07:29:03.750 INFO     [pid=6327 thread=MainThread] BREADCRUMB {"event":"frame_catchup_capped","frame_seconds":0.1}
2026-08-02T07:29:03.862 INFO     [pid=6327 thread=MainThread] BREADCRUMB {"event":"frame_catchup_capped","frame_seconds":0.1}
2026-08-02T07:29:03.958 INFO     [pid=6327 thread=MainThread] BREADCRUMB {"event":"frame_catchup_capped","frame_seconds":0.1}
2026-08-02T07:29:04.080 INFO     [pid=6327 thread=MainThread] BREADCRUMB {"event":"frame_catchup_capped","frame_seconds":0.1}
2026-08-02T07:29:04.184 INFO     [pid=6327 thread=MainThread] BREADCRUMB {"event":"frame_catchup_capped","frame_seconds":0.1}
2026-08-02T07:29:04.292 INFO     [pid=6327 thread=MainThread] BREADCRUMB {"event":"frame_catchup_capped","frame_seconds":0.1}
2026-08-02T07:29:04.385 INFO     [pid=6327 thread=MainThread] BREADCRUMB {"event":"frame_catchup_capped","frame_seconds":0.1}
2026-08-02T07:29:04.479 INFO     [pid=6327 thread=MainThread] BREADCRUMB {"event":"frame_catchup_capped","frame_seconds":0.094}
2026-08-02T07:29:04.562 INFO     [pid=6327 thread=MainThread] BREADCRUMB {"event":"frame_catchup_capped","frame_seconds":0.09}
2026-08-02T07:29:04.648 INFO     [pid=6327 thread=MainThread] BREADCRUMB {"event":"frame_catchup_capped","frame_seconds":0.084}
2026-08-02T07:29:04.746 INFO     [pid=6327 thread=MainThread] BREADCRUMB {"event":"frame_catchup_capped","frame_seconds":0.091}
2026-08-02T07:29:04.845 INFO     [pid=6327 thread=MainThread] BREADCRUMB {"event":"frame_catchup_capped","frame_seconds":0.1}
2026-08-02T07:29:04.937 INFO     [pid=6327 thread=MainThread] BREADCRUMB {"event":"frame_catchup_capped","frame_seconds":0.1}
2026-08-02T07:29:05.116 INFO     [pid=6327 thread=MainThread] BREADCRUMB {"event":"frame_catchup_capped","frame_seconds":0.087}
2026-08-02T07:29:05.288 INFO     [pid=6327 thread=MainThread] BREADCRUMB {"event":"frame_catchup_capped","frame_seconds":0.089}
2026-08-02T07:29:05.376 INFO     [pid=6327 thread=MainThread] BREADCRUMB {"event":"frame_catchup_capped","frame_seconds":0.09}
2026-08-02T07:29:05.472 INFO     [pid=6327 thread=MainThread] BREADCRUMB {"event":"frame_catchup_capped","frame_seconds":0.092}
2026-08-02T07:29:05.621 INFO     [pid=6327 thread=MainThread] BREADCRUMB {"event":"frame_catchup_capped","frame_seconds":0.07}
2026-08-02T07:29:05.714 INFO     [pid=6327 thread=MainThread] BREADCRUMB {"event":"frame_catchup_capped","frame_seconds":0.1}
2026-08-02T07:29:05.883 INFO     [pid=6327 thread=MainThread] BREADCRUMB {"event":"frame_catchup_capped","frame_seconds":0.079}
2026-08-02T07:29:06.036 INFO     [pid=6327 thread=MainThread] BREADCRUMB {"event":"frame_catchup_capped","frame_seconds":0.076}
2026-08-02T07:29:06.202 INFO     [pid=6327 thread=MainThread] BREADCRUMB {"event":"frame_catchup_capped","frame_seconds":0.08}
2026-08-02T07:29:06.293 INFO     [pid=6327 thread=MainThread] BREADCRUMB {"event":"frame_catchup_capped","frame_seconds":0.091}
2026-08-02T07:29:06.407 INFO     [pid=6327 thread=MainThread] BREADCRUMB {"event":"frame_catchup_capped","frame_seconds":0.1}
2026-08-02T07:29:06.488 INFO     [pid=6327 thread=MainThread] BREADCRUMB {"event":"frame_catchup_capped","frame_seconds":0.09}
2026-08-02T07:29:06.581 INFO     [pid=6327 thread=MainThread] BREADCRUMB {"event":"frame_catchup_capped","frame_seconds":0.086}
2026-08-02T07:29:06.666 INFO     [pid=6327 thread=MainThread] BREADCRUMB {"event":"frame_catchup_capped","frame_seconds":0.088}
2026-08-02T07:29:06.828 INFO     [pid=6327 thread=MainThread] BREADCRUMB {"event":"frame_catchup_capped","frame_seconds":0.08}
2026-08-02T07:29:06.916 INFO     [pid=6327 thread=MainThread] BREADCRUMB {"event":"frame_catchup_capped","frame_seconds":0.091}
2026-08-02T07:29:07.075 INFO     [pid=6327 thread=MainThread] BREADCRUMB {"event":"frame_catchup_capped","frame_seconds":0.076}
2026-08-02T07:29:07.175 INFO     [pid=6327 thread=MainThread] BREADCRUMB {"event":"frame_catchup_capped","frame_seconds":0.1}
2026-08-02T07:29:07.263 INFO     [pid=6327 thread=MainThread] BREADCRUMB {"event":"frame_catchup_capped","frame_seconds":0.084}
2026-08-02T07:29:07.412 INFO     [pid=6327 thread=MainThread] BREADCRUMB {"event":"frame_catchup_capped","frame_seconds":0.071}
2026-08-02T07:29:07.634 INFO     [pid=6327 thread=MainThread] BREADCRUMB {"event":"frame_catchup_capped","frame_seconds":0.074}
2026-08-02T07:29:07.818 INFO     [pid=6327 thread=MainThread] BREADCRUMB {"event":"frame_catchup_capped","frame_seconds":0.084}
2026-08-02T07:29:07.897 INFO     [pid=6327 thread=MainThread] BREADCRUMB {"event":"frame_catchup_capped","frame_seconds":0.1}
2026-08-02T07:29:08.135 INFO     [pid=6327 thread=MainThread] BREADCRUMB {"event":"frame_catchup_capped","frame_seconds":0.082}
2026-08-02T07:29:08.219 INFO     [pid=6327 thread=MainThread] BREADCRUMB {"event":"frame_catchup_capped","frame_seconds":0.088}
2026-08-02T07:29:08.302 INFO     [pid=6327 thread=MainThread] BREADCRUMB {"event":"frame_catchup_capped","frame_seconds":0.084}
2026-08-02T07:29:08.463 INFO     [pid=6327 thread=MainThread] BREADCRUMB {"event":"frame_catchup_capped","frame_seconds":0.078}
2026-08-02T07:29:08.553 INFO     [pid=6327 thread=MainThread] BREADCRUMB {"event":"frame_catchup_capped","frame_seconds":0.085}
2026-08-02T07:29:08.655 INFO     [pid=6327 thread=MainThread] BREADCRUMB {"event":"frame_catchup_capped","frame_seconds":0.1}
2026-08-02T07:29:08.741 INFO     [pid=6327 thread=MainThread] BREADCRUMB {"event":"frame_catchup_capped","frame_seconds":0.086}
2026-08-02T07:29:08.819 INFO     [pid=6327 thread=MainThread] BREADCRUMB {"event":"frame_catchup_capped","frame_seconds":0.088}
2026-08-02T07:29:08.902 INFO     [pid=6327 thread=MainThread] BREADCRUMB {"event":"frame_catchup_capped","frame_seconds":0.084}
2026-08-02T07:29:09.070 INFO     [pid=6327 thread=MainThread] BREADCRUMB {"event":"frame_catchup_capped","frame_seconds":0.081}
2026-08-02T07:29:09.221 INFO     [pid=6327 thread=MainThread] BREADCRUMB {"event":"frame_catchup_capped","frame_seconds":0.076}
2026-08-02T07:29:09.318 INFO     [pid=6327 thread=MainThread] BREADCRUMB {"event":"frame_catchup_capped","frame_seconds":0.097}
2026-08-02T07:29:09.468 INFO     [pid=6327 thread=MainThread] BREADCRUMB {"event":"frame_catchup_capped","frame_seconds":0.077}
2026-08-02T07:29:09.626 INFO     [pid=6327 thread=MainThread] BREADCRUMB {"event":"frame_catchup_capped","frame_seconds":0.077}
2026-08-02T07:29:09.918 INFO     [pid=6327 thread=MainThread] BREADCRUMB {"event":"frame_catchup_capped","frame_seconds":0.075}
2026-08-02T07:29:10.020 INFO     [pid=6327 thread=MainThread] BREADCRUMB {"event":"frame_catchup_capped","frame_seconds":0.1}
2026-08-02T07:29:10.190 INFO     [pid=6327 thread=MainThread] BREADCRUMB {"event":"frame_catchup_capped","frame_seconds":0.084}
2026-08-02T07:29:10.270 INFO     [pid=6327 thread=MainThread] BREADCRUMB {"event":"frame_catchup_capped","frame_seconds":0.085}
2026-08-02T07:29:10.350 INFO     [pid=6327 thread=MainThread] BREADCRUMB {"event":"frame_catchup_capped","frame_seconds":0.084}
2026-08-02T07:29:10.517 INFO     [pid=6327 thread=MainThread] BREADCRUMB {"event":"frame_catchup_capped","frame_seconds":0.077}
2026-08-02T07:29:10.693 INFO     [pid=6327 thread=MainThread] BREADCRUMB {"event":"frame_catchup_capped","frame_seconds":0.086}
2026-08-02T07:29:10.795 INFO     [pid=6327 thread=MainThread] BREADCRUMB {"event":"frame_catchup_capped","frame_seconds":0.1}
2026-08-02T07:29:10.952 INFO     [pid=6327 thread=MainThread] BREADCRUMB {"event":"frame_catchup_capped","frame_seconds":0.08}
2026-08-02T07:29:11.117 INFO     [pid=6327 thread=MainThread] BREADCRUMB {"event":"frame_catchup_capped","frame_seconds":0.075}
2026-08-02T07:29:11.271 INFO     [pid=6327 thread=MainThread] BREADCRUMB {"event":"frame_catchup_capped","frame_seconds":0.074}
2026-08-02T07:29:11.430 INFO     [pid=6327 thread=MainThread] BREADCRUMB {"event":"frame_catchup_capped","frame_seconds":0.09}
2026-08-02T07:29:11.595 INFO     [pid=6327 thread=MainThread] BREADCRUMB {"event":"frame_catchup_capped","frame_seconds":0.076}
2026-08-02T07:29:11.680 INFO     [pid=6327 thread=MainThread] BREADCRUMB {"event":"frame_catchup_capped","frame_seconds":0.084}
2026-08-02T07:29:11.893 INFO     [pid=6327 thread=MainThread] BREADCRUMB {"event":"frame_catchup_capped","frame_seconds":0.069}
2026-08-02T07:29:12.132 INFO     [pid=6327 thread=MainThread] BREADCRUMB {"event":"frame_catchup_capped","frame_seconds":0.087}
2026-08-02T07:29:12.207 INFO     [pid=6327 thread=MainThread] BREADCRUMB {"event":"frame_catchup_capped","frame_seconds":0.085}
2026-08-02T07:29:12.370 INFO     [pid=6327 thread=MainThread] BREADCRUMB {"event":"frame_catchup_capped","frame_seconds":0.082}
2026-08-02T07:29:12.459 INFO     [pid=6327 thread=MainThread] BREADCRUMB {"event":"frame_catchup_capped","frame_seconds":0.094}
2026-08-02T07:29:12.582 INFO     [pid=6327 thread=MainThread] BREADCRUMB {"event":"frame_catchup_capped","frame_seconds":0.1}
2026-08-02T07:29:12.686 INFO     [pid=6327 thread=MainThread] BREADCRUMB {"event":"frame_catchup_capped","frame_seconds":0.1}
2026-08-02T07:29:12.854 INFO     [pid=6327 thread=MainThread] BREADCRUMB {"event":"frame_catchup_capped","frame_seconds":0.082}
2026-08-02T07:29:12.957 INFO     [pid=6327 thread=MainThread] BREADCRUMB {"event":"frame_catchup_capped","frame_seconds":0.1}
2026-08-02T07:29:13.043 INFO     [pid=6327 thread=MainThread] BREADCRUMB {"event":"frame_catchup_capped","frame_seconds":0.085}
2026-08-02T07:29:13.129 INFO     [pid=6327 thread=MainThread] BREADCRUMB {"event":"frame_catchup_capped","frame_seconds":0.084}
2026-08-02T07:29:13.215 INFO     [pid=6327 thread=MainThread] BREADCRUMB {"event":"frame_catchup_capped","frame_seconds":0.088}
2026-08-02T07:29:13.371 INFO     [pid=6327 thread=MainThread] BREADCRUMB {"event":"frame_catchup_capped","frame_seconds":0.078}
2026-08-02T07:29:13.519 INFO     [pid=6327 thread=MainThread] BREADCRUMB {"event":"frame_catchup_capped","frame_seconds":0.074}
2026-08-02T07:29:13.625 INFO     [pid=6327 thread=MainThread] BREADCRUMB {"event":"frame_catchup_capped","frame_seconds":0.095}
2026-08-02T07:29:13.768 INFO     [pid=6327 thread=MainThread] BREADCRUMB {"event":"frame_catchup_capped","frame_seconds":0.072}
2026-08-02T07:29:13.867 INFO     [pid=6327 thread=MainThread] BREADCRUMB {"event":"frame_catchup_capped","frame_seconds":0.086}
2026-08-02T07:29:13.953 INFO     [pid=6327 thread=MainThread] BREADCRUMB {"event":"frame_catchup_capped","frame_seconds":0.098}
2026-08-02T07:29:14.070 INFO     [pid=6327 thread=MainThread] BREADCRUMB {"event":"frame_catchup_capped","frame_seconds":0.1}
2026-08-02T07:29:14.196 INFO     [pid=6327 thread=MainThread] BREADCRUMB {"event":"frame_catchup_capped","frame_seconds":0.1}
2026-08-02T07:29:14.308 INFO     [pid=6327 thread=MainThread] BREADCRUMB {"event":"frame_catchup_capped","frame_seconds":0.1}
2026-08-02T07:29:14.427 INFO     [pid=6327 thread=MainThread] BREADCRUMB {"event":"frame_catchup_capped","frame_seconds":0.1}
2026-08-02T07:29:14.526 INFO     [pid=6327 thread=MainThread] BREADCRUMB {"event":"frame_catchup_capped","frame_seconds":0.1}
2026-08-02T07:29:14.627 INFO     [pid=6327 thread=MainThread] BREADCRUMB {"event":"frame_catchup_capped","frame_seconds":0.094}
2026-08-02T07:29:14.722 INFO     [pid=6327 thread=MainThread] BREADCRUMB {"event":"frame_catchup_capped","frame_seconds":0.1}
2026-08-02T07:29:14.820 INFO     [pid=6327 thread=MainThread] BREADCRUMB {"event":"frame_catchup_capped","frame_seconds":0.092}
2026-08-02T07:29:14.907 INFO     [pid=6327 thread=MainThread] BREADCRUMB {"event":"frame_catchup_capped","frame_seconds":0.098}
2026-08-02T07:29:14.996 INFO     [pid=6327 thread=MainThread] BREADCRUMB {"event":"frame_catchup_capped","frame_seconds":0.085}
2026-08-02T07:29:15.087 INFO     [pid=6327 thread=MainThread] BREADCRUMB {"event":"frame_catchup_capped","frame_seconds":0.086}
2026-08-02T07:29:15.194 INFO     [pid=6327 thread=MainThread] BREADCRUMB {"event":"frame_catchup_capped","frame_seconds":0.1}
2026-08-02T07:29:15.303 INFO     [pid=6327 thread=MainThread] BREADCRUMB {"event":"frame_catchup_capped","frame_seconds":0.1}
2026-08-02T07:29:15.392 INFO     [pid=6327 thread=MainThread] BREADCRUMB {"event":"frame_catchup_capped","frame_seconds":0.095}
2026-08-02T07:29:15.486 INFO     [pid=6327 thread=MainThread] BREADCRUMB {"event":"frame_catchup_capped","frame_seconds":0.089}
2026-08-02T07:29:15.599 INFO     [pid=6327 thread=MainThread] BREADCRUMB {"event":"frame_catchup_capped","frame_seconds":0.1}
2026-08-02T07:29:15.723 INFO     [pid=6327 thread=MainThread] BREADCRUMB {"event":"frame_catchup_capped","frame_seconds":0.1}
2026-08-02T07:29:15.842 INFO     [pid=6327 thread=MainThread] BREADCRUMB {"event":"frame_catchup_capped","frame_seconds":0.1}
2026-08-02T07:29:15.951 INFO     [pid=6327 thread=MainThread] BREADCRUMB {"event":"frame_catchup_capped","frame_seconds":0.1}
2026-08-02T07:29:16.078 INFO     [pid=6327 thread=MainThread] BREADCRUMB {"event":"frame_catchup_capped","frame_seconds":0.099}
2026-08-02T07:29:16.169 INFO     [pid=6327 thread=MainThread] BREADCRUMB {"event":"frame_catchup_capped","frame_seconds":0.1}
2026-08-02T07:29:16.301 INFO     [pid=6327 thread=MainThread] BREADCRUMB {"event":"frame_catchup_capped","frame_seconds":0.1}
2026-08-02T07:29:16.410 INFO     [pid=6327 thread=MainThread] BREADCRUMB {"event":"frame_catchup_capped","frame_seconds":0.1}
2026-08-02T07:29:16.499 INFO     [pid=6327 thread=MainThread] BREADCRUMB {"event":"frame_catchup_capped","frame_seconds":0.1}
2026-08-02T07:29:16.603 INFO     [pid=6327 thread=MainThread] BREADCRUMB {"event":"frame_catchup_capped","frame_seconds":0.098}
2026-08-02T07:29:16.689 INFO     [pid=6327 thread=MainThread] BREADCRUMB {"event":"frame_catchup_capped","frame_seconds":0.09}
2026-08-02T07:29:16.808 INFO     [pid=6327 thread=MainThread] BREADCRUMB {"event":"frame_catchup_capped","frame_seconds":0.1}
2026-08-02T07:29:16.897 INFO     [pid=6327 thread=MainThread] BREADCRUMB {"event":"frame_catchup_capped","frame_seconds":0.1}
2026-08-02T07:29:16.999 INFO     [pid=6327 thread=MainThread] BREADCRUMB {"event":"frame_catchup_capped","frame_seconds":0.09}
2026-08-02T07:29:17.093 INFO     [pid=6327 thread=MainThread] BREADCRUMB {"event":"frame_catchup_capped","frame_seconds":0.097}
2026-08-02T07:29:17.183 INFO     [pid=6327 thread=MainThread] BREADCRUMB {"event":"frame_catchup_capped","frame_seconds":0.097}
2026-08-02T07:29:17.283 INFO     [pid=6327 thread=MainThread] BREADCRUMB {"event":"frame_catchup_capped","frame_seconds":0.089}
2026-08-02T07:29:17.388 INFO     [pid=6327 thread=MainThread] BREADCRUMB {"event":"frame_catchup_capped","frame_seconds":0.1}
2026-08-02T07:29:17.523 INFO     [pid=6327 thread=MainThread] BREADCRUMB {"event":"frame_catchup_capped","frame_seconds":0.1}
2026-08-02T07:29:17.620 INFO     [pid=6327 thread=MainThread] BREADCRUMB {"event":"frame_catchup_capped","frame_seconds":0.1}
2026-08-02T07:29:17.717 INFO     [pid=6327 thread=MainThread] BREADCRUMB {"event":"frame_catchup_capped","frame_seconds":0.094}
2026-08-02T07:29:17.820 INFO     [pid=6327 thread=MainThread] BREADCRUMB {"event":"frame_catchup_capped","frame_seconds":0.098}
2026-08-02T07:29:17.920 INFO     [pid=6327 thread=MainThread] BREADCRUMB {"event":"frame_catchup_capped","frame_seconds":0.1}
2026-08-02T07:29:18.024 INFO     [pid=6327 thread=MainThread] BREADCRUMB {"event":"frame_catchup_capped","frame_seconds":0.1}
2026-08-02T07:29:18.124 INFO     [pid=6327 thread=MainThread] BREADCRUMB {"event":"frame_catchup_capped","frame_seconds":0.099}
2026-08-02T07:29:18.253 INFO     [pid=6327 thread=MainThread] BREADCRUMB {"event":"frame_catchup_capped","frame_seconds":0.1}
2026-08-02T07:29:18.368 INFO     [pid=6327 thread=MainThread] BREADCRUMB {"event":"frame_catchup_capped","frame_seconds":0.1}
2026-08-02T07:29:18.464 INFO     [pid=6327 thread=MainThread] BREADCRUMB {"event":"frame_catchup_capped","frame_seconds":0.1}
2026-08-02T07:29:18.565 INFO     [pid=6327 thread=MainThread] BREADCRUMB {"event":"frame_catchup_capped","frame_seconds":0.094}
2026-08-02T07:29:18.673 INFO     [pid=6327 thread=MainThread] BREADCRUMB {"event":"frame_catchup_capped","frame_seconds":0.1}
2026-08-02T07:29:18.797 INFO     [pid=6327 thread=MainThread] BREADCRUMB {"event":"frame_catchup_capped","frame_seconds":0.1}
2026-08-02T07:29:18.916 INFO     [pid=6327 thread=MainThread] BREADCRUMB {"event":"frame_catchup_capped","frame_seconds":0.1}
2026-08-02T07:29:19.040 INFO     [pid=6327 thread=MainThread] BREADCRUMB {"event":"frame_catchup_capped","frame_seconds":0.1}
2026-08-02T07:29:19.128 INFO     [pid=6327 thread=MainThread] BREADCRUMB {"event":"frame_catchup_capped","frame_seconds":0.093}
2026-08-02T07:29:19.217 INFO     [pid=6327 thread=MainThread] BREADCRUMB {"event":"frame_catchup_capped","frame_seconds":0.09}
2026-08-02T07:29:19.301 INFO     [pid=6327 thread=MainThread] BREADCRUMB {"event":"frame_catchup_capped","frame_seconds":0.089}
2026-08-02T07:29:19.403 INFO     [pid=6327 thread=MainThread] BREADCRUMB {"event":"frame_catchup_capped","frame_seconds":0.092}
2026-08-02T07:29:19.501 INFO     [pid=6327 thread=MainThread] BREADCRUMB {"event":"frame_catchup_capped","frame_seconds":0.1}
2026-08-02T07:29:19.609 INFO     [pid=6327 thread=MainThread] BREADCRUMB {"event":"frame_catchup_capped","frame_seconds":0.1}
2026-08-02T07:29:19.730 INFO     [pid=6327 thread=MainThread] BREADCRUMB {"event":"frame_catchup_capped","frame_seconds":0.1}
2026-08-02T07:29:19.827 INFO     [pid=6327 thread=MainThread] BREADCRUMB {"event":"frame_catchup_capped","frame_seconds":0.098}
2026-08-02T07:29:19.927 INFO     [pid=6327 thread=MainThread] BREADCRUMB {"event":"frame_catchup_capped","frame_seconds":0.1}
2026-08-02T07:29:20.036 INFO     [pid=6327 thread=MainThread] BREADCRUMB {"event":"frame_catchup_capped","frame_seconds":0.1}
2026-08-02T07:29:20.149 INFO     [pid=6327 thread=MainThread] BREADCRUMB {"event":"frame_catchup_capped","frame_seconds":0.1}
2026-08-02T07:29:20.255 INFO     [pid=6327 thread=MainThread] BREADCRUMB {"event":"frame_catchup_capped","frame_seconds":0.1}
2026-08-02T07:29:20.361 INFO     [pid=6327 thread=MainThread] BREADCRUMB {"event":"frame_catchup_capped","frame_seconds":0.1}
2026-08-02T07:29:20.474 INFO     [pid=6327 thread=MainThread] BREADCRUMB {"event":"frame_catchup_capped","frame_seconds":0.1}
2026-08-02T07:29:20.568 INFO     [pid=6327 thread=MainThread] BREADCRUMB {"event":"frame_catchup_capped","frame_seconds":0.088}
2026-08-02T07:29:20.652 INFO     [pid=6327 thread=MainThread] BREADCRUMB {"event":"frame_catchup_capped","frame_seconds":0.092}
2026-08-02T07:29:20.743 INFO     [pid=6327 thread=MainThread] BREADCRUMB {"event":"frame_catchup_capped","frame_seconds":0.089}
2026-08-02T07:29:20.833 INFO     [pid=6327 thread=MainThread] BREADCRUMB {"event":"frame_catchup_capped","frame_seconds":0.093}
2026-08-02T07:29:20.934 INFO     [pid=6327 thread=MainThread] BREADCRUMB {"event":"frame_catchup_capped","frame_seconds":0.095}
2026-08-02T07:29:21.044 INFO     [pid=6327 thread=MainThread] BREADCRUMB {"event":"frame_catchup_capped","frame_seconds":0.1}
2026-08-02T07:29:21.150 INFO     [pid=6327 thread=MainThread] BREADCRUMB {"event":"frame_catchup_capped","frame_seconds":0.1}
2026-08-02T07:29:21.237 INFO     [pid=6327 thread=MainThread] BREADCRUMB {"event":"frame_catchup_capped","frame_seconds":0.086}
2026-08-02T07:29:21.331 INFO     [pid=6327 thread=MainThread] BREADCRUMB {"event":"frame_catchup_capped","frame_seconds":0.094}
2026-08-02T07:29:21.424 INFO     [pid=6327 thread=MainThread] BREADCRUMB {"event":"frame_catchup_capped","frame_seconds":0.096}
2026-08-02T07:29:21.567 INFO     [pid=6327 thread=MainThread] BREADCRUMB {"event":"frame_catchup_capped","frame_seconds":0.1}
2026-08-02T07:29:21.724 INFO     [pid=6327 thread=MainThread] BREADCRUMB {"event":"frame_catchup_capped","frame_seconds":0.1}
2026-08-02T07:29:21.884 INFO     [pid=6327 thread=MainThread] BREADCRUMB {"event":"frame_catchup_capped","frame_seconds":0.1}
2026-08-02T07:29:21.983 INFO     [pid=6327 thread=MainThread] BREADCRUMB {"event":"frame_catchup_capped","frame_seconds":0.1}
2026-08-02T07:29:22.080 INFO     [pid=6327 thread=MainThread] BREADCRUMB {"event":"frame_catchup_capped","frame_seconds":0.098}
2026-08-02T07:29:22.176 INFO     [pid=6327 thread=MainThread] BREADCRUMB {"event":"frame_catchup_capped","frame_seconds":0.096}
2026-08-02T07:29:22.271 INFO     [pid=6327 thread=MainThread] BREADCRUMB {"event":"frame_catchup_capped","frame_seconds":0.098}
2026-08-02T07:29:22.381 INFO     [pid=6327 thread=MainThread] BREADCRUMB {"event":"frame_catchup_capped","frame_seconds":0.099}
2026-08-02T07:29:22.494 INFO     [pid=6327 thread=MainThread] BREADCRUMB {"event":"frame_catchup_capped","frame_seconds":0.1}
2026-08-02T07:29:22.625 INFO     [pid=6327 thread=MainThread] BREADCRUMB {"event":"frame_catchup_capped","frame_seconds":0.1}
2026-08-02T07:29:22.748 INFO     [pid=6327 thread=MainThread] BREADCRUMB {"event":"frame_catchup_capped","frame_seconds":0.1}
2026-08-02T07:29:22.875 INFO     [pid=6327 thread=MainThread] BREADCRUMB {"event":"frame_catchup_capped","frame_seconds":0.1}
2026-08-02T07:29:22.979 INFO     [pid=6327 thread=MainThread] BREADCRUMB {"event":"frame_catchup_capped","frame_seconds":0.1}
2026-08-02T07:29:23.075 INFO     [pid=6327 thread=MainThread] BREADCRUMB {"event":"frame_catchup_capped","frame_seconds":0.098}
2026-08-02T07:29:23.173 INFO     [pid=6327 thread=MainThread] BREADCRUMB {"event":"frame_catchup_capped","frame_seconds":0.091}
2026-08-02T07:29:23.271 INFO     [pid=6327 thread=MainThread] BREADCRUMB {"event":"frame_catchup_capped","frame_seconds":0.1}
2026-08-02T07:29:23.391 INFO     [pid=6327 thread=MainThread] BREADCRUMB {"event":"frame_catchup_capped","frame_seconds":0.1}
2026-08-02T07:29:23.495 INFO     [pid=6327 thread=MainThread] BREADCRUMB {"event":"frame_catchup_capped","frame_seconds":0.1}
2026-08-02T07:29:23.605 INFO     [pid=6327 thread=MainThread] BREADCRUMB {"event":"frame_catchup_capped","frame_seconds":0.1}
2026-08-02T07:29:23.698 INFO     [pid=6327 thread=MainThread] BREADCRUMB {"event":"frame_catchup_capped","frame_seconds":0.1}
2026-08-02T07:29:23.804 INFO     [pid=6327 thread=MainThread] BREADCRUMB {"event":"frame_catchup_capped","frame_seconds":0.096}
2026-08-02T07:29:23.904 INFO     [pid=6327 thread=MainThread] BREADCRUMB {"event":"frame_catchup_capped","frame_seconds":0.1}
2026-08-02T07:29:23.993 INFO     [pid=6327 thread=MainThread] BREADCRUMB {"event":"frame_catchup_capped","frame_seconds":0.093}
2026-08-02T07:29:24.100 INFO     [pid=6327 thread=MainThread] BREADCRUMB {"event":"frame_catchup_capped","frame_seconds":0.1}
2026-08-02T07:29:24.193 INFO     [pid=6327 thread=MainThread] BREADCRUMB {"event":"frame_catchup_capped","frame_seconds":0.087}
2026-08-02T07:29:24.285 INFO     [pid=6327 thread=MainThread] BREADCRUMB {"event":"frame_catchup_capped","frame_seconds":0.094}
2026-08-02T07:29:24.387 INFO     [pid=6327 thread=MainThread] BREADCRUMB {"event":"frame_catchup_capped","frame_seconds":0.098}
2026-08-02T07:29:24.487 INFO     [pid=6327 thread=MainThread] BREADCRUMB {"event":"frame_catchup_capped","frame_seconds":0.099}
2026-08-02T07:29:24.588 INFO     [pid=6327 thread=MainThread] BREADCRUMB {"event":"frame_catchup_capped","frame_seconds":0.1}
2026-08-02T07:29:24.695 INFO     [pid=6327 thread=MainThread] BREADCRUMB {"event":"frame_catchup_capped","frame_seconds":0.1}
2026-08-02T07:29:24.820 INFO     [pid=6327 thread=MainThread] BREADCRUMB {"event":"frame_catchup_capped","frame_seconds":0.1}
2026-08-02T07:29:24.920 INFO     [pid=6327 thread=MainThread] BREADCRUMB {"event":"frame_catchup_capped","frame_seconds":0.1}
2026-08-02T07:29:25.011 INFO     [pid=6327 thread=MainThread] BREADCRUMB {"event":"frame_catchup_capped","frame_seconds":0.096}
2026-08-02T07:29:25.105 INFO     [pid=6327 thread=MainThread] BREADCRUMB {"event":"frame_catchup_capped","frame_seconds":0.095}
2026-08-02T07:29:25.207 INFO     [pid=6327 thread=MainThread] BREADCRUMB {"event":"frame_catchup_capped","frame_seconds":0.1}
2026-08-02T07:29:25.319 INFO     [pid=6327 thread=MainThread] BREADCRUMB {"event":"frame_catchup_capped","frame_seconds":0.1}
2026-08-02T07:29:25.423 INFO     [pid=6327 thread=MainThread] BREADCRUMB {"event":"frame_catchup_capped","frame_seconds":0.1}
2026-08-02T07:29:25.535 INFO     [pid=6327 thread=MainThread] BREADCRUMB {"event":"frame_catchup_capped","frame_seconds":0.1}
2026-08-02T07:29:25.636 INFO     [pid=6327 thread=MainThread] BREADCRUMB {"event":"frame_catchup_capped","frame_seconds":0.099}
2026-08-02T07:29:25.725 INFO     [pid=6327 thread=MainThread] BREADCRUMB {"event":"frame_catchup_capped","frame_seconds":0.091}
2026-08-02T07:29:25.816 INFO     [pid=6327 thread=MainThread] BREADCRUMB {"event":"frame_catchup_capped","frame_seconds":0.09}
2026-08-02T07:29:25.900 INFO     [pid=6327 thread=MainThread] BREADCRUMB {"event":"frame_catchup_capped","frame_seconds":0.09}
2026-08-02T07:29:25.996 INFO     [pid=6327 thread=MainThread] BREADCRUMB {"event":"frame_catchup_capped","frame_seconds":0.088}
2026-08-02T07:29:26.097 INFO     [pid=6327 thread=MainThread] BREADCRUMB {"event":"frame_catchup_capped","frame_seconds":0.098}
2026-08-02T07:29:26.213 INFO     [pid=6327 thread=MainThread] BREADCRUMB {"event":"frame_catchup_capped","frame_seconds":0.1}
2026-08-02T07:29:26.306 INFO     [pid=6327 thread=MainThread] BREADCRUMB {"event":"frame_catchup_capped","frame_seconds":0.098}
2026-08-02T07:29:26.397 INFO     [pid=6327 thread=MainThread] BREADCRUMB {"event":"frame_catchup_capped","frame_seconds":0.086}
2026-08-02T07:29:26.505 INFO     [pid=6327 thread=MainThread] BREADCRUMB {"event":"frame_catchup_capped","frame_seconds":0.1}
2026-08-02T07:29:26.612 INFO     [pid=6327 thread=MainThread] BREADCRUMB {"event":"frame_catchup_capped","frame_seconds":0.1}
2026-08-02T07:29:26.705 INFO     [pid=6327 thread=MainThread] BREADCRUMB {"event":"frame_catchup_capped","frame_seconds":0.099}
2026-08-02T07:29:26.811 INFO     [pid=6327 thread=MainThread] BREADCRUMB {"event":"frame_catchup_capped","frame_seconds":0.1}
2026-08-02T07:29:26.936 INFO     [pid=6327 thread=MainThread] BREADCRUMB {"event":"frame_catchup_capped","frame_seconds":0.1}
2026-08-02T07:29:27.033 INFO     [pid=6327 thread=MainThread] BREADCRUMB {"event":"frame_catchup_capped","frame_seconds":0.1}
2026-08-02T07:29:27.147 INFO     [pid=6327 thread=MainThread] BREADCRUMB {"event":"frame_catchup_capped","frame_seconds":0.1}
2026-08-02T07:29:27.251 INFO     [pid=6327 thread=MainThread] BREADCRUMB {"event":"frame_catchup_capped","frame_seconds":0.1}
2026-08-02T07:29:27.346 INFO     [pid=6327 thread=MainThread] BREADCRUMB {"event":"frame_catchup_capped","frame_seconds":0.098}
2026-08-02T07:29:27.447 INFO     [pid=6327 thread=MainThread] BREADCRUMB {"event":"frame_catchup_capped","frame_seconds":0.099}
2026-08-02T07:29:27.539 INFO     [pid=6327 thread=MainThread] BREADCRUMB {"event":"frame_catchup_capped","frame_seconds":0.093}
2026-08-02T07:29:27.646 INFO     [pid=6327 thread=MainThread] BREADCRUMB {"event":"frame_catchup_capped","frame_seconds":0.1}
2026-08-02T07:29:27.732 INFO     [pid=6327 thread=MainThread] BREADCRUMB {"event":"frame_catchup_capped","frame_seconds":0.086}
2026-08-02T07:29:27.829 INFO     [pid=6327 thread=MainThread] BREADCRUMB {"event":"frame_catchup_capped","frame_seconds":0.097}
2026-08-02T07:29:27.923 INFO     [pid=6327 thread=MainThread] BREADCRUMB {"event":"frame_catchup_capped","frame_seconds":0.097}
2026-08-02T07:29:28.021 INFO     [pid=6327 thread=MainThread] BREADCRUMB {"event":"frame_catchup_capped","frame_seconds":0.098}
2026-08-02T07:29:28.119 INFO     [pid=6327 thread=MainThread] BREADCRUMB {"event":"frame_catchup_capped","frame_seconds":0.092}
2026-08-02T07:29:28.216 INFO     [pid=6327 thread=MainThread] BREADCRUMB {"event":"frame_catchup_capped","frame_seconds":0.096}
2026-08-02T07:29:28.324 INFO     [pid=6327 thread=MainThread] BREADCRUMB {"event":"frame_catchup_capped","frame_seconds":0.1}
2026-08-02T07:29:28.431 INFO     [pid=6327 thread=MainThread] BREADCRUMB {"event":"frame_catchup_capped","frame_seconds":0.1}
2026-08-02T07:29:28.532 INFO     [pid=6327 thread=MainThread] BREADCRUMB {"event":"frame_catchup_capped","frame_seconds":0.1}
2026-08-02T07:29:28.636 INFO     [pid=6327 thread=MainThread] BREADCRUMB {"event":"frame_catchup_capped","frame_seconds":0.1}
2026-08-02T07:29:28.734 INFO     [pid=6327 thread=MainThread] BREADCRUMB {"event":"frame_catchup_capped","frame_seconds":0.1}
2026-08-02T07:29:28.833 INFO     [pid=6327 thread=MainThread] BREADCRUMB {"event":"frame_catchup_capped","frame_seconds":0.098}
2026-08-02T07:29:28.939 INFO     [pid=6327 thread=MainThread] BREADCRUMB {"event":"frame_catchup_capped","frame_seconds":0.1}
2026-08-02T07:29:29.057 INFO     [pid=6327 thread=MainThread] BREADCRUMB {"event":"frame_catchup_capped","frame_seconds":0.1}
2026-08-02T07:29:29.152 INFO     [pid=6327 thread=MainThread] BREADCRUMB {"event":"frame_catchup_capped","frame_seconds":0.099}
2026-08-02T07:29:29.256 INFO     [pid=6327 thread=MainThread] BREADCRUMB {"event":"frame_catchup_capped","frame_seconds":0.097}
2026-08-02T07:29:29.355 INFO     [pid=6327 thread=MainThread] BREADCRUMB {"event":"frame_catchup_capped","frame_seconds":0.098}
2026-08-02T07:29:29.455 INFO     [pid=6327 thread=MainThread] BREADCRUMB {"event":"frame_catchup_capped","frame_seconds":0.097}
2026-08-02T07:29:29.551 INFO     [pid=6327 thread=MainThread] BREADCRUMB {"event":"frame_catchup_capped","frame_seconds":0.1}
2026-08-02T07:29:29.647 INFO     [pid=6327 thread=MainThread] BREADCRUMB {"event":"frame_catchup_capped","frame_seconds":0.095}
2026-08-02T07:29:29.761 INFO     [pid=6327 thread=MainThread] BREADCRUMB {"event":"frame_catchup_capped","frame_seconds":0.1}
2026-08-02T07:29:29.858 INFO     [pid=6327 thread=MainThread] BREADCRUMB {"event":"frame_catchup_capped","frame_seconds":0.099}
2026-08-02T07:29:29.956 INFO     [pid=6327 thread=MainThread] BREADCRUMB {"event":"frame_catchup_capped","frame_seconds":0.098}
2026-08-02T07:29:30.051 INFO     [pid=6327 thread=MainThread] BREADCRUMB {"event":"frame_catchup_capped","frame_seconds":0.094}
2026-08-02T07:29:30.130 INFO     [pid=6327 thread=MainThread] BREADCRUMB {"event":"frame_catchup_capped","frame_seconds":0.087}
2026-08-02T07:29:30.223 INFO     [pid=6327 thread=MainThread] BREADCRUMB {"event":"frame_catchup_capped","frame_seconds":0.089}
2026-08-02T07:29:30.320 INFO     [pid=6327 thread=MainThread] BREADCRUMB {"event":"frame_catchup_capped","frame_seconds":0.088}
2026-08-02T07:29:30.448 INFO     [pid=6327 thread=MainThread] BREADCRUMB {"event":"frame_catchup_capped","frame_seconds":0.1}
2026-08-02T07:29:30.552 INFO     [pid=6327 thread=MainThread] BREADCRUMB {"event":"frame_catchup_capped","frame_seconds":0.1}
2026-08-02T07:29:30.675 INFO     [pid=6327 thread=MainThread] BREADCRUMB {"event":"frame_catchup_capped","frame_seconds":0.1}
2026-08-02T07:29:30.808 INFO     [pid=6327 thread=MainThread] BREADCRUMB {"event":"frame_catchup_capped","frame_seconds":0.1}
2026-08-02T07:29:30.923 INFO     [pid=6327 thread=MainThread] BREADCRUMB {"event":"frame_catchup_capped","frame_seconds":0.1}
2026-08-02T07:29:31.024 INFO     [pid=6327 thread=MainThread] BREADCRUMB {"event":"frame_catchup_capped","frame_seconds":0.1}
2026-08-02T07:29:31.136 INFO     [pid=6327 thread=MainThread] BREADCRUMB {"event":"frame_catchup_capped","frame_seconds":0.1}
2026-08-02T07:29:31.234 INFO     [pid=6327 thread=MainThread] BREADCRUMB {"event":"frame_catchup_capped","frame_seconds":0.098}
2026-08-02T07:29:31.335 INFO     [pid=6327 thread=MainThread] BREADCRUMB {"event":"frame_catchup_capped","frame_seconds":0.1}
2026-08-02T07:29:31.434 INFO     [pid=6327 thread=MainThread] BREADCRUMB {"event":"frame_catchup_capped","frame_seconds":0.1}
2026-08-02T07:29:31.533 INFO     [pid=6327 thread=MainThread] BREADCRUMB {"event":"frame_catchup_capped","frame_seconds":0.1}
2026-08-02T07:29:31.637 INFO     [pid=6327 thread=MainThread] BREADCRUMB {"event":"frame_catchup_capped","frame_seconds":0.098}
2026-08-02T07:29:31.729 INFO     [pid=6327 thread=MainThread] BREADCRUMB {"event":"frame_catchup_capped","frame_seconds":0.092}
2026-08-02T07:29:31.845 INFO     [pid=6327 thread=MainThread] BREADCRUMB {"event":"frame_catchup_capped","frame_seconds":0.1}
2026-08-02T07:29:31.935 INFO     [pid=6327 thread=MainThread] BREADCRUMB {"event":"frame_catchup_capped","frame_seconds":0.089}
2026-08-02T07:29:32.022 INFO     [pid=6327 thread=MainThread] BREADCRUMB {"event":"frame_catchup_capped","frame_seconds":0.089}
2026-08-02T07:29:32.120 INFO     [pid=6327 thread=MainThread] BREADCRUMB {"event":"frame_catchup_capped","frame_seconds":0.093}
2026-08-02T07:29:32.215 INFO     [pid=6327 thread=MainThread] BREADCRUMB {"event":"frame_catchup_capped","frame_seconds":0.096}
2026-08-02T07:29:32.321 INFO     [pid=6327 thread=MainThread] BREADCRUMB {"event":"frame_catchup_capped","frame_seconds":0.1}
2026-08-02T07:29:32.425 INFO     [pid=6327 thread=MainThread] BREADCRUMB {"event":"frame_catchup_capped","frame_seconds":0.1}
2026-08-02T07:29:32.552 INFO     [pid=6327 thread=MainThread] BREADCRUMB {"event":"frame_catchup_capped","frame_seconds":0.1}
2026-08-02T07:29:32.645 INFO     [pid=6327 thread=MainThread] BREADCRUMB {"event":"frame_catchup_capped","frame_seconds":0.097}
2026-08-02T07:29:32.741 INFO     [pid=6327 thread=MainThread] BREADCRUMB {"event":"frame_catchup_capped","frame_seconds":0.095}
2026-08-02T07:29:32.829 INFO     [pid=6327 thread=MainThread] BREADCRUMB {"event":"frame_catchup_capped","frame_seconds":0.096}
2026-08-02T07:29:32.920 INFO     [pid=6327 thread=MainThread] BREADCRUMB {"event":"frame_catchup_capped","frame_seconds":0.09}
2026-08-02T07:29:33.011 INFO     [pid=6327 thread=MainThread] BREADCRUMB {"event":"frame_catchup_capped","frame_seconds":0.087}
2026-08-02T07:29:33.104 INFO     [pid=6327 thread=MainThread] BREADCRUMB {"event":"frame_catchup_capped","frame_seconds":0.088}
2026-08-02T07:29:33.229 INFO     [pid=6327 thread=MainThread] BREADCRUMB {"event":"frame_catchup_capped","frame_seconds":0.1}
2026-08-02T07:29:33.328 INFO     [pid=6327 thread=MainThread] BREADCRUMB {"event":"frame_catchup_capped","frame_seconds":0.099}
2026-08-02T07:29:33.422 INFO     [pid=6327 thread=MainThread] BREADCRUMB {"event":"frame_catchup_capped","frame_seconds":0.098}
2026-08-02T07:29:33.524 INFO     [pid=6327 thread=MainThread] BREADCRUMB {"event":"frame_catchup_capped","frame_seconds":0.098}
2026-08-02T07:29:33.641 INFO     [pid=6327 thread=MainThread] BREADCRUMB {"event":"frame_catchup_capped","frame_seconds":0.1}
2026-08-02T07:29:33.736 INFO     [pid=6327 thread=MainThread] BREADCRUMB {"event":"frame_catchup_capped","frame_seconds":0.1}
2026-08-02T07:29:33.835 INFO     [pid=6327 thread=MainThread] BREADCRUMB {"event":"frame_catchup_capped","frame_seconds":0.1}
2026-08-02T07:29:33.967 INFO     [pid=6327 thread=MainThread] BREADCRUMB {"event":"frame_catchup_capped","frame_seconds":0.1}
2026-08-02T07:29:34.063 INFO     [pid=6327 thread=MainThread] BREADCRUMB {"event":"frame_catchup_capped","frame_seconds":0.095}
2026-08-02T07:29:34.159 INFO     [pid=6327 thread=MainThread] BREADCRUMB {"event":"frame_catchup_capped","frame_seconds":0.099}
2026-08-02T07:29:34.271 INFO     [pid=6327 thread=MainThread] BREADCRUMB {"event":"frame_catchup_capped","frame_seconds":0.1}
2026-08-02T07:29:34.363 INFO     [pid=6327 thread=MainThread] BREADCRUMB {"event":"frame_catchup_capped","frame_seconds":0.098}
2026-08-02T07:29:34.459 INFO     [pid=6327 thread=MainThread] BREADCRUMB {"event":"frame_catchup_capped","frame_seconds":0.097}
2026-08-02T07:29:34.551 INFO     [pid=6327 thread=MainThread] BREADCRUMB {"event":"frame_catchup_capped","frame_seconds":0.096}
2026-08-02T07:29:34.669 INFO     [pid=6327 thread=MainThread] BREADCRUMB {"event":"frame_catchup_capped","frame_seconds":0.1}
2026-08-02T07:29:34.754 INFO     [pid=6327 thread=MainThread] BREADCRUMB {"event":"frame_catchup_capped","frame_seconds":0.093}
2026-08-02T07:29:34.846 INFO     [pid=6327 thread=MainThread] BREADCRUMB {"event":"frame_catchup_capped","frame_seconds":0.088}
2026-08-02T07:29:34.947 INFO     [pid=6327 thread=MainThread] BREADCRUMB {"event":"frame_catchup_capped","frame_seconds":0.1}
2026-08-02T07:29:35.043 INFO     [pid=6327 thread=MainThread] BREADCRUMB {"event":"frame_catchup_capped","frame_seconds":0.094}
2026-08-02T07:29:35.134 INFO     [pid=6327 thread=MainThread] BREADCRUMB {"event":"frame_catchup_capped","frame_seconds":0.093}
2026-08-02T07:29:35.218 INFO     [pid=6327 thread=MainThread] BREADCRUMB {"event":"frame_catchup_capped","frame_seconds":0.087}
2026-08-02T07:29:35.346 INFO     [pid=6327 thread=MainThread] BREADCRUMB {"event":"frame_catchup_capped","frame_seconds":0.1}
2026-08-02T07:29:35.446 INFO     [pid=6327 thread=MainThread] BREADCRUMB {"event":"frame_catchup_capped","frame_seconds":0.1}
2026-08-02T07:29:35.544 INFO     [pid=6327 thread=MainThread] BREADCRUMB {"event":"frame_catchup_capped","frame_seconds":0.098}
2026-08-02T07:29:35.640 INFO     [pid=6327 thread=MainThread] BREADCRUMB {"event":"frame_catchup_capped","frame_seconds":0.098}
2026-08-02T07:29:35.736 INFO     [pid=6327 thread=MainThread] BREADCRUMB {"event":"frame_catchup_capped","frame_seconds":0.094}
2026-08-02T07:29:35.835 INFO     [pid=6327 thread=MainThread] BREADCRUMB {"event":"frame_catchup_capped","frame_seconds":0.097}
2026-08-02T07:29:35.942 INFO     [pid=6327 thread=MainThread] BREADCRUMB {"event":"frame_catchup_capped","frame_seconds":0.1}
2026-08-02T07:29:36.059 INFO     [pid=6327 thread=MainThread] BREADCRUMB {"event":"frame_catchup_capped","frame_seconds":0.1}
2026-08-02T07:29:36.151 INFO     [pid=6327 thread=MainThread] BREADCRUMB {"event":"frame_catchup_capped","frame_seconds":0.095}
2026-08-02T07:29:36.256 INFO     [pid=6327 thread=MainThread] BREADCRUMB {"event":"frame_catchup_capped","frame_seconds":0.096}
2026-08-02T07:29:36.350 INFO     [pid=6327 thread=MainThread] BREADCRUMB {"event":"frame_catchup_capped","frame_seconds":0.099}
2026-08-02T07:29:36.432 INFO     [pid=6327 thread=MainThread] BREADCRUMB {"event":"frame_catchup_capped","frame_seconds":0.088}
2026-08-02T07:29:36.526 INFO     [pid=6327 thread=MainThread] BREADCRUMB {"event":"frame_catchup_capped","frame_seconds":0.089}
2026-08-02T07:29:36.618 INFO     [pid=6327 thread=MainThread] BREADCRUMB {"event":"frame_catchup_capped","frame_seconds":0.087}
2026-08-02T07:29:36.739 INFO     [pid=6327 thread=MainThread] BREADCRUMB {"event":"frame_catchup_capped","frame_seconds":0.1}
2026-08-02T07:29:36.846 INFO     [pid=6327 thread=MainThread] BREADCRUMB {"event":"frame_catchup_capped","frame_seconds":0.1}
2026-08-02T07:29:36.953 INFO     [pid=6327 thread=MainThread] BREADCRUMB {"event":"frame_catchup_capped","frame_seconds":0.1}
2026-08-02T07:29:37.050 INFO     [pid=6327 thread=MainThread] BREADCRUMB {"event":"frame_catchup_capped","frame_seconds":0.094}
2026-08-02T07:29:37.145 INFO     [pid=6327 thread=MainThread] BREADCRUMB {"event":"frame_catchup_capped","frame_seconds":0.098}
2026-08-02T07:29:37.234 INFO     [pid=6327 thread=MainThread] BREADCRUMB {"event":"frame_catchup_capped","frame_seconds":0.095}
2026-08-02T07:29:37.346 INFO     [pid=6327 thread=MainThread] BREADCRUMB {"event":"frame_catchup_capped","frame_seconds":0.099}
2026-08-02T07:29:37.476 INFO     [pid=6327 thread=MainThread] BREADCRUMB {"event":"frame_catchup_capped","frame_seconds":0.1}
2026-08-02T07:29:37.578 INFO     [pid=6327 thread=MainThread] BREADCRUMB {"event":"frame_catchup_capped","frame_seconds":0.1}
2026-08-02T07:29:37.671 INFO     [pid=6327 thread=MainThread] BREADCRUMB {"event":"frame_catchup_capped","frame_seconds":0.096}
2026-08-02T07:29:37.771 INFO     [pid=6327 thread=MainThread] BREADCRUMB {"event":"frame_catchup_capped","frame_seconds":0.095}
2026-08-02T07:29:37.877 INFO     [pid=6327 thread=MainThread] BREADCRUMB {"event":"frame_catchup_capped","frame_seconds":0.1}
2026-08-02T07:29:38.001 INFO     [pid=6327 thread=MainThread] BREADCRUMB {"event":"frame_catchup_capped","frame_seconds":0.1}
2026-08-02T07:29:38.110 INFO     [pid=6327 thread=MainThread] BREADCRUMB {"event":"frame_catchup_capped","frame_seconds":0.1}
2026-08-02T07:29:38.234 INFO     [pid=6327 thread=MainThread] BREADCRUMB {"event":"frame_catchup_capped","frame_seconds":0.1}
2026-08-02T07:29:38.335 INFO     [pid=6327 thread=MainThread] BREADCRUMB {"event":"frame_catchup_capped","frame_seconds":0.1}
2026-08-02T07:29:38.423 INFO     [pid=6327 thread=MainThread] BREADCRUMB {"event":"frame_catchup_capped","frame_seconds":0.096}
2026-08-02T07:29:38.520 INFO     [pid=6327 thread=MainThread] BREADCRUMB {"event":"frame_catchup_capped","frame_seconds":0.089}
2026-08-02T07:29:38.616 INFO     [pid=6327 thread=MainThread] BREADCRUMB {"event":"frame_catchup_capped","frame_seconds":0.1}
2026-08-02T07:29:38.706 INFO     [pid=6327 thread=MainThread] BREADCRUMB {"event":"frame_catchup_capped","frame_seconds":0.091}
2026-08-02T07:29:38.816 INFO     [pid=6327 thread=MainThread] BREADCRUMB {"event":"frame_catchup_capped","frame_seconds":0.1}
2026-08-02T07:29:38.939 INFO     [pid=6327 thread=MainThread] BREADCRUMB {"event":"frame_catchup_capped","frame_seconds":0.1}
2026-08-02T07:29:39.033 INFO     [pid=6327 thread=MainThread] BREADCRUMB {"event":"frame_catchup_capped","frame_seconds":0.1}
2026-08-02T07:29:39.120 INFO     [pid=6327 thread=MainThread] BREADCRUMB {"event":"frame_catchup_capped","frame_seconds":0.09}
2026-08-02T07:29:39.212 INFO     [pid=6327 thread=MainThread] BREADCRUMB {"event":"frame_catchup_capped","frame_seconds":0.089}
2026-08-02T07:29:39.301 INFO     [pid=6327 thread=MainThread] BREADCRUMB {"event":"frame_catchup_capped","frame_seconds":0.089}
2026-08-02T07:29:39.381 INFO     [pid=6327 thread=MainThread] BREADCRUMB {"event":"frame_catchup_capped","frame_seconds":0.085}
2026-08-02T07:29:39.478 INFO     [pid=6327 thread=MainThread] BREADCRUMB {"event":"frame_catchup_capped","frame_seconds":0.088}
2026-08-02T07:29:39.589 INFO     [pid=6327 thread=MainThread] BREADCRUMB {"event":"frame_catchup_capped","frame_seconds":0.1}
2026-08-02T07:29:39.692 INFO     [pid=6327 thread=MainThread] BREADCRUMB {"event":"frame_catchup_capped","frame_seconds":0.1}
2026-08-02T07:29:39.797 INFO     [pid=6327 thread=MainThread] BREADCRUMB {"event":"frame_catchup_capped","frame_seconds":0.1}
2026-08-02T07:29:39.896 INFO     [pid=6327 thread=MainThread] BREADCRUMB {"event":"frame_catchup_capped","frame_seconds":0.1}
2026-08-02T07:29:39.999 INFO     [pid=6327 thread=MainThread] BREADCRUMB {"event":"frame_catchup_capped","frame_seconds":0.1}
2026-08-02T07:29:40.096 INFO     [pid=6327 thread=MainThread] BREADCRUMB {"event":"frame_catchup_capped","frame_seconds":0.098}
2026-08-02T07:29:40.205 INFO     [pid=6327 thread=MainThread] BREADCRUMB {"event":"frame_catchup_capped","frame_seconds":0.1}
2026-08-02T07:29:40.329 INFO     [pid=6327 thread=MainThread] BREADCRUMB {"event":"frame_catchup_capped","frame_seconds":0.1}
2026-08-02T07:29:40.439 INFO     [pid=6327 thread=MainThread] BREADCRUMB {"event":"frame_catchup_capped","frame_seconds":0.1}
2026-08-02T07:29:40.534 INFO     [pid=6327 thread=MainThread] BREADCRUMB {"event":"frame_catchup_capped","frame_seconds":0.097}
2026-08-02T07:29:40.637 INFO     [pid=6327 thread=MainThread] BREADCRUMB {"event":"frame_catchup_capped","frame_seconds":0.1}
2026-08-02T07:29:40.729 INFO     [pid=6327 thread=MainThread] BREADCRUMB {"event":"frame_catchup_capped","frame_seconds":0.094}
2026-08-02T07:29:40.814 INFO     [pid=6327 thread=MainThread] BREADCRUMB {"event":"frame_catchup_capped","frame_seconds":0.09}
2026-08-02T07:29:40.920 INFO     [pid=6327 thread=MainThread] BREADCRUMB {"event":"frame_catchup_capped","frame_seconds":0.096}
2026-08-02T07:29:41.032 INFO     [pid=6327 thread=MainThread] BREADCRUMB {"event":"frame_catchup_capped","frame_seconds":0.1}
2026-08-02T07:29:41.125 INFO     [pid=6327 thread=MainThread] BREADCRUMB {"event":"frame_catchup_capped","frame_seconds":0.093}
2026-08-02T07:29:41.223 INFO     [pid=6327 thread=MainThread] BREADCRUMB {"event":"frame_catchup_capped","frame_seconds":0.1}
2026-08-02T07:29:41.328 INFO     [pid=6327 thread=MainThread] BREADCRUMB {"event":"frame_catchup_capped","frame_seconds":0.1}
2026-08-02T07:29:41.459 INFO     [pid=6327 thread=MainThread] BREADCRUMB {"event":"frame_catchup_capped","frame_seconds":0.1}
2026-08-02T07:29:41.578 INFO     [pid=6327 thread=MainThread] BREADCRUMB {"event":"frame_catchup_capped","frame_seconds":0.1}
2026-08-02T07:29:41.723 INFO     [pid=6327 thread=MainThread] BREADCRUMB {"event":"frame_catchup_capped","frame_seconds":0.1}
2026-08-02T07:29:41.853 INFO     [pid=6327 thread=MainThread] BREADCRUMB {"event":"frame_catchup_capped","frame_seconds":0.1}
2026-08-02T07:29:41.962 INFO     [pid=6327 thread=MainThread] BREADCRUMB {"event":"frame_catchup_capped","frame_seconds":0.1}
2026-08-02T07:29:42.064 INFO     [pid=6327 thread=MainThread] BREADCRUMB {"event":"frame_catchup_capped","frame_seconds":0.1}
2026-08-02T07:29:42.176 INFO     [pid=6327 thread=MainThread] BREADCRUMB {"event":"frame_catchup_capped","frame_seconds":0.1}
2026-08-02T07:29:42.298 INFO     [pid=6327 thread=MainThread] BREADCRUMB {"event":"frame_catchup_capped","frame_seconds":0.1}
2026-08-02T07:29:42.430 INFO     [pid=6327 thread=MainThread] BREADCRUMB {"event":"frame_catchup_capped","frame_seconds":0.1}
2026-08-02T07:29:42.554 INFO     [pid=6327 thread=MainThread] BREADCRUMB {"event":"frame_catchup_capped","frame_seconds":0.1}
2026-08-02T07:29:42.697 INFO     [pid=6327 thread=MainThread] BREADCRUMB {"event":"frame_catchup_capped","frame_seconds":0.1}
2026-08-02T07:29:42.810 INFO     [pid=6327 thread=MainThread] BREADCRUMB {"event":"frame_catchup_capped","frame_seconds":0.1}
2026-08-02T07:29:42.913 INFO     [pid=6327 thread=MainThread] BREADCRUMB {"event":"frame_catchup_capped","frame_seconds":0.1}
2026-08-02T07:29:43.010 INFO     [pid=6327 thread=MainThread] BREADCRUMB {"event":"frame_catchup_capped","frame_seconds":0.096}
2026-08-02T07:29:43.119 INFO     [pid=6327 thread=MainThread] BREADCRUMB {"event":"frame_catchup_capped","frame_seconds":0.1}
2026-08-02T07:29:43.236 INFO     [pid=6327 thread=MainThread] BREADCRUMB {"event":"frame_catchup_capped","frame_seconds":0.1}
2026-08-02T07:29:43.371 INFO     [pid=6327 thread=MainThread] BREADCRUMB {"event":"frame_catchup_capped","frame_seconds":0.1}
2026-08-02T07:29:43.481 INFO     [pid=6327 thread=MainThread] BREADCRUMB {"event":"frame_catchup_capped","frame_seconds":0.1}
2026-08-02T07:29:43.575 INFO     [pid=6327 thread=MainThread] BREADCRUMB {"event":"frame_catchup_capped","frame_seconds":0.098}
2026-08-02T07:29:43.679 INFO     [pid=6327 thread=MainThread] BREADCRUMB {"event":"frame_catchup_capped","frame_seconds":0.1}
2026-08-02T07:29:43.770 INFO     [pid=6327 thread=MainThread] BREADCRUMB {"event":"frame_catchup_capped","frame_seconds":0.092}
2026-08-02T07:29:43.871 INFO     [pid=6327 thread=MainThread] BREADCRUMB {"event":"frame_catchup_capped","frame_seconds":0.1}
2026-08-02T07:29:43.976 INFO     [pid=6327 thread=MainThread] BREADCRUMB {"event":"frame_catchup_capped","frame_seconds":0.1}
2026-08-02T07:29:44.124 INFO     [pid=6327 thread=MainThread] BREADCRUMB {"event":"frame_catchup_capped","frame_seconds":0.1}
2026-08-02T07:29:44.244 INFO     [pid=6327 thread=MainThread] BREADCRUMB {"event":"frame_catchup_capped","frame_seconds":0.1}
2026-08-02T07:29:44.351 INFO     [pid=6327 thread=MainThread] BREADCRUMB {"event":"frame_catchup_capped","frame_seconds":0.1}
2026-08-02T07:29:44.447 INFO     [pid=6327 thread=MainThread] BREADCRUMB {"event":"frame_catchup_capped","frame_seconds":0.1}
2026-08-02T07:29:44.567 INFO     [pid=6327 thread=MainThread] BREADCRUMB {"event":"frame_catchup_capped","frame_seconds":0.1}
2026-08-02T07:29:44.685 INFO     [pid=6327 thread=MainThread] BREADCRUMB {"event":"frame_catchup_capped","frame_seconds":0.1}
2026-08-02T07:29:44.806 INFO     [pid=6327 thread=MainThread] BREADCRUMB {"event":"frame_catchup_capped","frame_seconds":0.1}
2026-08-02T07:29:44.951 INFO     [pid=6327 thread=MainThread] BREADCRUMB {"event":"frame_catchup_capped","frame_seconds":0.1}
2026-08-02T07:29:45.064 INFO     [pid=6327 thread=MainThread] BREADCRUMB {"event":"frame_catchup_capped","frame_seconds":0.1}
2026-08-02T07:29:45.173 INFO     [pid=6327 thread=MainThread] BREADCRUMB {"event":"frame_catchup_capped","frame_seconds":0.1}
2026-08-02T07:29:45.295 INFO     [pid=6327 thread=MainThread] BREADCRUMB {"event":"frame_catchup_capped","frame_seconds":0.1}
2026-08-02T07:29:45.397 INFO     [pid=6327 thread=MainThread] BREADCRUMB {"event":"frame_catchup_capped","frame_seconds":0.1}
2026-08-02T07:29:45.501 INFO     [pid=6327 thread=MainThread] BREADCRUMB {"event":"frame_catchup_capped","frame_seconds":0.1}
2026-08-02T07:29:45.610 INFO     [pid=6327 thread=MainThread] BREADCRUMB {"event":"frame_catchup_capped","frame_seconds":0.1}
2026-08-02T07:29:45.732 INFO     [pid=6327 thread=MainThread] BREADCRUMB {"event":"frame_catchup_capped","frame_seconds":0.1}
2026-08-02T07:29:45.833 INFO     [pid=6327 thread=MainThread] BREADCRUMB {"event":"frame_catchup_capped","frame_seconds":0.1}
2026-08-02T07:29:45.929 INFO     [pid=6327 thread=MainThread] BREADCRUMB {"event":"frame_catchup_capped","frame_seconds":0.092}
2026-08-02T07:29:46.018 INFO     [pid=6327 thread=MainThread] BREADCRUMB {"event":"frame_catchup_capped","frame_seconds":0.091}
2026-08-02T07:29:46.121 INFO     [pid=6327 thread=MainThread] BREADCRUMB {"event":"frame_catchup_capped","frame_seconds":0.095}
2026-08-02T07:29:46.218 INFO     [pid=6327 thread=MainThread] BREADCRUMB {"event":"frame_catchup_capped","frame_seconds":0.099}
2026-08-02T07:29:46.303 INFO     [pid=6327 thread=MainThread] BREADCRUMB {"event":"frame_catchup_capped","frame_seconds":0.092}
2026-08-02T07:29:46.417 INFO     [pid=6327 thread=MainThread] BREADCRUMB {"event":"frame_catchup_capped","frame_seconds":0.1}
2026-08-02T07:29:46.502 INFO     [pid=6327 thread=MainThread] BREADCRUMB {"event":"frame_catchup_capped","frame_seconds":0.092}
2026-08-02T07:29:46.614 INFO     [pid=6327 thread=MainThread] BREADCRUMB {"event":"frame_catchup_capped","frame_seconds":0.092}
2026-08-02T07:29:46.735 INFO     [pid=6327 thread=MainThread] BREADCRUMB {"event":"frame_catchup_capped","frame_seconds":0.1}
2026-08-02T07:29:46.852 INFO     [pid=6327 thread=MainThread] BREADCRUMB {"event":"frame_catchup_capped","frame_seconds":0.1}
2026-08-02T07:29:46.977 INFO     [pid=6327 thread=MainThread] BREADCRUMB {"event":"frame_catchup_capped","frame_seconds":0.1}
2026-08-02T07:29:47.123 INFO     [pid=6327 thread=MainThread] BREADCRUMB {"event":"frame_catchup_capped","frame_seconds":0.1}
2026-08-02T07:29:47.278 INFO     [pid=6327 thread=MainThread] BREADCRUMB {"event":"frame_catchup_capped","frame_seconds":0.1}
2026-08-02T07:29:47.408 INFO     [pid=6327 thread=MainThread] BREADCRUMB {"event":"frame_catchup_capped","frame_seconds":0.1}
2026-08-02T07:29:47.501 INFO     [pid=6327 thread=MainThread] BREADCRUMB {"event":"frame_catchup_capped","frame_seconds":0.099}
2026-08-02T07:29:47.653 INFO     [pid=6327 thread=MainThread] BREADCRUMB {"event":"frame_catchup_capped","frame_seconds":0.079}
2026-08-02T07:29:47.812 INFO     [pid=6327 thread=MainThread] BREADCRUMB {"event":"frame_catchup_capped","frame_seconds":0.074}
2026-08-02T07:29:47.979 INFO     [pid=6327 thread=MainThread] BREADCRUMB {"event":"frame_catchup_capped","frame_seconds":0.082}
