2026-08-02T06:38:42.125 INFO     [pid=5555 thread=MainThread] BREADCRUMB {"event":"session_started","version":"0.14.0-chapter-one-production","executable":"/data/user/0/com.hughbechainezbyte.thefadesoffate.thefadesoffate/files/app/.bin/python","packaged":false,"working_directory":"/data/data/com.hughbechainezbyte.thefadesoffate.thefadesoffate/files/app","log_directory":"/data/data/com.hughbechainezbyte.thefadesoffate.thefadesoffate/files/app/logs"}
2026-08-02T06:38:42.129 INFO     [pid=5555 thread=MainThread] BREADCRUMB {"event":"content_update","status":"failed","updated":false,"content_root":"/data/data/com.hughbechainezbyte.thefadesoffate.thefadesoffate/files/app","local_revision":1,"remote_revision":1,"platform":"android","manifest_path":"/data/data/com.hughbechainezbyte.thefadesoffate.thefadesoffate/files/app/data/content-manifest.json","manifest_asset":"fades-of-fate-content-manifest.json","pack_asset":"fades-of-fate-content-pack.zip","reason":"release feed unavailable"}
2026-08-02T06:38:51.922 INFO     [pid=5555 thread=MainThread] BREADCRUMB {"event":"level_scene_resolved","schema_version":1,"game_git_commit":"unknown","working_tree_dirty":false,"game_version":"0.14.0-chapter-one-production","content_git_commit":"5c61d2a7c581583c0a2308bdcf7fca216e374989","content_revision":1,"content_manifest_hash":"59ec572995e956a3747ce331343a4d354b1b3a9cacb255cd780dd69fd65b131d","build_timestamp":"2026-08-02T05:53:50.331306+00:00","platform":"android","active_level_id":"chapter_1_level_1","scene_definition_path":"data/chapter1_location_lock.json","active_background_renderer":"src.backdrop.render_route_backdrop","canonical_asset_root":"/data/data/com.hughbechainezbyte.thefadesoffate.thefadesoffate/files/app/assets","active_scenery_assets":[{"field":"main_panorama_asset","path":"assets/stage/chapter1_location_locked/ch1_l1_main_v2.png","sha256":"050dbd9e17ec4251da99f7911c4170b126b6b31d08290b6a1a8a3de79f432607","size":1942828,"resolved":true},{"field":"far_asset","path":"assets/stage/chapter1_location_locked/ch1_l1_far_v2.png","sha256":"8b7a6b394531f600c5738b92d50834e9e1007d81ad10588a80d3442804a5fdb7","size":17186,"resolved":true},{"field":"near_asset","path":"assets/stage/chapter1_location_locked/ch1_l1_near_v2.png","sha256":"96e73b6327db67084ac6753174094d60f6d898a530a7f4b2b8e99934ef36ec39","size":6170,"resolved":true},{"field":"far_haze_asset","path":"assets/stage/chapter1_location_locked/ch1_l1_haze_v2.png","sha256":"e6a0fe43beeb83223b42c990c1655bfe6d7f367424219190e3c925a0322cca9d","size":8990,"resolved":true},{"field":"far_skyline_asset","path":"assets/stage/chapter1_location_locked/ch1_l1_skyline_v2.png","sha256":"e79a6d62710056c8f539728cd7cde0a047a6514840cc868326e1fad4dfa80b4d","size":11227,"resolved":true},{"field":"architecture_asset","path":"assets/stage/chapter1_location_locked/ch1_l1_architecture_v2.png","sha256":"0c5c8badf21987ed3b323ccae19d7b8e8a3fa42dd1ad5550d07e0e2d7a81f182","size":51665,"resolved":true},{"field":"ground_asset","path":"assets/stage/chapter1_location_locked/ch1_l1_ground_v2.png","sha256":"e1ef9b3bf4283bb315d92c5cf498e4825ec5d75e5397c080142e373b39d36414","size":503064,"resolved":true},{"field":"near_occluder_asset","path":"assets/stage/chapter1_location_locked/ch1_l1_near_occluder_v2.png","sha256":"96e73b6327db67084ac6753174094d60f6d898a530a7f4b2b8e99934ef36ec39","size":6170,"resolved":true}],"background_layers":8,"animated_environment_entities":4,"vehicle_variants":2,"fallback_asset_used":false,"cached_asset_used":false,"artifact_match":"not_verified"}
2026-08-02T06:38:55.390 INFO     [pid=5555 thread=MainThread] BREADCRUMB {"event":"audio_initialized","mixer":[44100,-16,2],"sfx":["punch","heavy_hit","hit","whoosh","bb_gun","pickup","jump","land","dodge","super","dog","chief_bite","laugh","menu","dave_grunt_1","dave_grunt_2","dave_downed","dave_chief","shelly_grunt_1","shelly_grunt_2","shelly_downed","shelly_chief","enemy_grunt","enemy_downed"],"assets":"/data/data/com.hughbechainezbyte.thefadesoffate.thefadesoffate/files/app/assets/audio"}
2026-08-02T06:38:57.005 INFO     [pid=5555 thread=MainThread] BREADCRUMB {"event":"music_started","filename":"friday_activities_klickaud_menu.ogg","loop":true}
2026-08-02T06:38:57.007 INFO     [pid=5555 thread=MainThread] BREADCRUMB {"event":"menu_music_selected","state":"loading","frame":0,"filename":"friday_activities_klickaud_menu.ogg","started":true}
2026-08-02T06:38:57.007 INFO     [pid=5555 thread=MainThread] BREADCRUMB {"event":"game_created","version":"0.14.0-chapter-one-production","controllers":[{"instance_id":0,"name":"Android Accelerometer","guid":"05007e98416e64726f69642000000300","axis_count":3,"button_count":0,"hat_count":0,"mapped":false,"synthetic":false}]}
2026-08-02T06:38:57.010 INFO     [pid=5555 thread=MainThread] BREADCRUMB {"event":"main_loop_started","display":[2264,943],"controllers":[{"instance_id":0,"name":"Android Accelerometer","guid":"05007e98416e64726f69642000000300","axis_count":3,"button_count":0,"hat_count":0,"mapped":false,"synthetic":false}]}
2026-08-02T06:38:57.015 INFO     [pid=5555 thread=MainThread] BREADCRUMB {"event":"frame_catchup_capped","frame_seconds":0.1}
2026-08-02T06:38:57.212 INFO     [pid=5555 thread=MainThread] BREADCRUMB {"event":"frame_catchup_capped","frame_seconds":0.1}
2026-08-02T06:38:57.321 INFO     [pid=5555 thread=MainThread] BREADCRUMB {"event":"frame_catchup_capped","frame_seconds":0.1}
2026-08-02T06:38:57.458 INFO     [pid=5555 thread=MainThread] BREADCRUMB {"event":"frame_catchup_capped","frame_seconds":0.1}
2026-08-02T06:38:57.564 INFO     [pid=5555 thread=MainThread] BREADCRUMB {"event":"frame_catchup_capped","frame_seconds":0.1}
2026-08-02T06:38:57.676 INFO     [pid=5555 thread=MainThread] BREADCRUMB {"event":"frame_catchup_capped","frame_seconds":0.1}
2026-08-02T06:38:57.820 INFO     [pid=5555 thread=MainThread] BREADCRUMB {"event":"frame_catchup_capped","frame_seconds":0.1}
2026-08-02T06:38:57.970 INFO     [pid=5555 thread=MainThread] BREADCRUMB {"event":"frame_catchup_capped","frame_seconds":0.1}
2026-08-02T06:38:58.161 INFO     [pid=5555 thread=MainThread] BREADCRUMB {"event":"frame_catchup_capped","frame_seconds":0.1}
2026-08-02T06:38:58.359 INFO     [pid=5555 thread=MainThread] BREADCRUMB {"event":"frame_catchup_capped","frame_seconds":0.1}
2026-08-02T06:38:58.542 INFO     [pid=5555 thread=MainThread] BREADCRUMB {"event":"frame_catchup_capped","frame_seconds":0.1}
2026-08-02T06:38:58.682 INFO     [pid=5555 thread=MainThread] BREADCRUMB {"event":"frame_catchup_capped","frame_seconds":0.1}
2026-08-02T06:38:58.808 INFO     [pid=5555 thread=MainThread] BREADCRUMB {"event":"frame_catchup_capped","frame_seconds":0.1}
2026-08-02T06:38:58.937 INFO     [pid=5555 thread=MainThread] BREADCRUMB {"event":"frame_catchup_capped","frame_seconds":0.1}
2026-08-02T06:38:59.094 INFO     [pid=5555 thread=MainThread] BREADCRUMB {"event":"frame_catchup_capped","frame_seconds":0.1}
2026-08-02T06:38:59.295 INFO     [pid=5555 thread=MainThread] BREADCRUMB {"event":"frame_catchup_capped","frame_seconds":0.1}
2026-08-02T06:38:59.494 INFO     [pid=5555 thread=MainThread] BREADCRUMB {"event":"frame_catchup_capped","frame_seconds":0.1}
2026-08-02T06:38:59.648 INFO     [pid=5555 thread=MainThread] BREADCRUMB {"event":"frame_catchup_capped","frame_seconds":0.1}
2026-08-02T06:38:59.811 INFO     [pid=5555 thread=MainThread] BREADCRUMB {"event":"frame_catchup_capped","frame_seconds":0.1}
2026-08-02T06:38:59.931 INFO     [pid=5555 thread=MainThread] BREADCRUMB {"event":"frame_catchup_capped","frame_seconds":0.1}
2026-08-02T06:39:00.097 INFO     [pid=5555 thread=MainThread] BREADCRUMB {"event":"frame_catchup_capped","frame_seconds":0.1}
2026-08-02T06:39:00.256 INFO     [pid=5555 thread=MainThread] BREADCRUMB {"event":"title_ready","state":"title","frame":106}
2026-08-02T06:39:00.258 INFO     [pid=5555 thread=MainThread] BREADCRUMB {"event":"frame_catchup_capped","frame_seconds":0.1}
2026-08-02T06:39:00.404 INFO     [pid=5555 thread=MainThread] BREADCRUMB {"event":"frame_catchup_capped","frame_seconds":0.1}
2026-08-02T06:39:00.555 INFO     [pid=5555 thread=MainThread] BREADCRUMB {"event":"frame_catchup_capped","frame_seconds":0.1}
2026-08-02T06:39:00.668 INFO     [pid=5555 thread=MainThread] BREADCRUMB {"event":"frame_catchup_capped","frame_seconds":0.1}
2026-08-02T06:39:00.788 INFO     [pid=5555 thread=MainThread] BREADCRUMB {"event":"frame_catchup_capped","frame_seconds":0.1}
2026-08-02T06:39:00.897 INFO     [pid=5555 thread=MainThread] BREADCRUMB {"event":"frame_catchup_capped","frame_seconds":0.1}
2026-08-02T06:39:01.019 INFO     [pid=5555 thread=MainThread] BREADCRUMB {"event":"frame_catchup_capped","frame_seconds":0.1}
2026-08-02T06:39:01.121 INFO     [pid=5555 thread=MainThread] BREADCRUMB {"event":"frame_catchup_capped","frame_seconds":0.1}
2026-08-02T06:39:01.224 INFO     [pid=5555 thread=MainThread] BREADCRUMB {"event":"frame_catchup_capped","frame_seconds":0.1}
2026-08-02T06:39:01.345 INFO     [pid=5555 thread=MainThread] BREADCRUMB {"event":"frame_catchup_capped","frame_seconds":0.1}
2026-08-02T06:39:01.463 INFO     [pid=5555 thread=MainThread] BREADCRUMB {"event":"frame_catchup_capped","frame_seconds":0.1}
2026-08-02T06:39:01.572 INFO     [pid=5555 thread=MainThread] BREADCRUMB {"event":"frame_catchup_capped","frame_seconds":0.1}
2026-08-02T06:39:01.687 INFO     [pid=5555 thread=MainThread] BREADCRUMB {"event":"frame_catchup_capped","frame_seconds":0.1}
2026-08-02T06:39:01.838 INFO     [pid=5555 thread=MainThread] BREADCRUMB {"event":"frame_catchup_capped","frame_seconds":0.1}
2026-08-02T06:39:01.952 INFO     [pid=5555 thread=MainThread] BREADCRUMB {"event":"frame_catchup_capped","frame_seconds":0.1}
2026-08-02T06:39:02.059 INFO     [pid=5555 thread=MainThread] BREADCRUMB {"event":"frame_catchup_capped","frame_seconds":0.1}
2026-08-02T06:39:02.167 INFO     [pid=5555 thread=MainThread] BREADCRUMB {"event":"frame_catchup_capped","frame_seconds":0.1}
2026-08-02T06:39:02.292 INFO     [pid=5555 thread=MainThread] BREADCRUMB {"event":"frame_catchup_capped","frame_seconds":0.1}
2026-08-02T06:39:02.427 INFO     [pid=5555 thread=MainThread] BREADCRUMB {"event":"frame_catchup_capped","frame_seconds":0.1}
2026-08-02T06:39:02.584 INFO     [pid=5555 thread=MainThread] BREADCRUMB {"event":"frame_catchup_capped","frame_seconds":0.1}
2026-08-02T06:39:02.704 INFO     [pid=5555 thread=MainThread] BREADCRUMB {"event":"frame_catchup_capped","frame_seconds":0.1}
2026-08-02T06:39:02.809 INFO     [pid=5555 thread=MainThread] BREADCRUMB {"event":"frame_catchup_capped","frame_seconds":0.1}
2026-08-02T06:39:02.914 INFO     [pid=5555 thread=MainThread] BREADCRUMB {"event":"frame_catchup_capped","frame_seconds":0.1}
2026-08-02T06:39:03.014 INFO     [pid=5555 thread=MainThread] BREADCRUMB {"event":"frame_catchup_capped","frame_seconds":0.1}
2026-08-02T06:39:03.113 INFO     [pid=5555 thread=MainThread] BREADCRUMB {"event":"frame_catchup_capped","frame_seconds":0.099}
2026-08-02T06:39:03.212 INFO     [pid=5555 thread=MainThread] BREADCRUMB {"event":"frame_catchup_capped","frame_seconds":0.098}
2026-08-02T06:39:03.335 INFO     [pid=5555 thread=MainThread] BREADCRUMB {"event":"frame_catchup_capped","frame_seconds":0.1}
2026-08-02T06:39:03.440 INFO     [pid=5555 thread=MainThread] BREADCRUMB {"event":"frame_catchup_capped","frame_seconds":0.1}
2026-08-02T06:39:03.551 INFO     [pid=5555 thread=MainThread] BREADCRUMB {"event":"frame_catchup_capped","frame_seconds":0.1}
2026-08-02T06:39:03.649 INFO     [pid=5555 thread=MainThread] BREADCRUMB {"event":"frame_catchup_capped","frame_seconds":0.098}
2026-08-02T06:39:03.745 INFO     [pid=5555 thread=MainThread] BREADCRUMB {"event":"frame_catchup_capped","frame_seconds":0.096}
2026-08-02T06:39:03.845 INFO     [pid=5555 thread=MainThread] BREADCRUMB {"event":"frame_catchup_capped","frame_seconds":0.099}
2026-08-02T06:39:03.956 INFO     [pid=5555 thread=MainThread] BREADCRUMB {"event":"frame_catchup_capped","frame_seconds":0.1}
2026-08-02T06:39:04.093 INFO     [pid=5555 thread=MainThread] BREADCRUMB {"event":"frame_catchup_capped","frame_seconds":0.1}
2026-08-02T06:39:04.206 INFO     [pid=5555 thread=MainThread] BREADCRUMB {"event":"frame_catchup_capped","frame_seconds":0.1}
2026-08-02T06:39:04.307 INFO     [pid=5555 thread=MainThread] BREADCRUMB {"event":"frame_catchup_capped","frame_seconds":0.1}
2026-08-02T06:39:04.409 INFO     [pid=5555 thread=MainThread] BREADCRUMB {"event":"frame_catchup_capped","frame_seconds":0.1}
2026-08-02T06:39:04.511 INFO     [pid=5555 thread=MainThread] BREADCRUMB {"event":"frame_catchup_capped","frame_seconds":0.1}
2026-08-02T06:39:04.622 INFO     [pid=5555 thread=MainThread] BREADCRUMB {"event":"frame_catchup_capped","frame_seconds":0.1}
2026-08-02T06:39:04.756 INFO     [pid=5555 thread=MainThread] BREADCRUMB {"event":"frame_catchup_capped","frame_seconds":0.1}
2026-08-02T06:39:04.864 INFO     [pid=5555 thread=MainThread] BREADCRUMB {"event":"frame_catchup_capped","frame_seconds":0.1}
2026-08-02T06:39:04.970 INFO     [pid=5555 thread=MainThread] BREADCRUMB {"event":"frame_catchup_capped","frame_seconds":0.1}
2026-08-02T06:39:05.091 INFO     [pid=5555 thread=MainThread] BREADCRUMB {"event":"frame_catchup_capped","frame_seconds":0.1}
2026-08-02T06:39:05.192 INFO     [pid=5555 thread=MainThread] BREADCRUMB {"event":"frame_catchup_capped","frame_seconds":0.099}
2026-08-02T06:39:05.291 INFO     [pid=5555 thread=MainThread] BREADCRUMB {"event":"frame_catchup_capped","frame_seconds":0.1}
2026-08-02T06:39:05.392 INFO     [pid=5555 thread=MainThread] BREADCRUMB {"event":"frame_catchup_capped","frame_seconds":0.1}
2026-08-02T06:39:05.513 INFO     [pid=5555 thread=MainThread] BREADCRUMB {"event":"frame_catchup_capped","frame_seconds":0.1}
2026-08-02T06:39:05.619 INFO     [pid=5555 thread=MainThread] BREADCRUMB {"event":"frame_catchup_capped","frame_seconds":0.1}
2026-08-02T06:39:05.722 INFO     [pid=5555 thread=MainThread] BREADCRUMB {"event":"frame_catchup_capped","frame_seconds":0.1}
2026-08-02T06:39:05.819 INFO     [pid=5555 thread=MainThread] BREADCRUMB {"event":"frame_catchup_capped","frame_seconds":0.097}
2026-08-02T06:39:05.918 INFO     [pid=5555 thread=MainThread] BREADCRUMB {"event":"frame_catchup_capped","frame_seconds":0.099}
2026-08-02T06:39:06.015 INFO     [pid=5555 thread=MainThread] BREADCRUMB {"event":"frame_catchup_capped","frame_seconds":0.097}
2026-08-02T06:39:06.116 INFO     [pid=5555 thread=MainThread] BREADCRUMB {"event":"frame_catchup_capped","frame_seconds":0.1}
2026-08-02T06:39:06.229 INFO     [pid=5555 thread=MainThread] BREADCRUMB {"event":"frame_catchup_capped","frame_seconds":0.1}
2026-08-02T06:39:06.327 INFO     [pid=5555 thread=MainThread] BREADCRUMB {"event":"frame_catchup_capped","frame_seconds":0.098}
2026-08-02T06:39:06.436 INFO     [pid=5555 thread=MainThread] BREADCRUMB {"event":"frame_catchup_capped","frame_seconds":0.1}
2026-08-02T06:39:06.552 INFO     [pid=5555 thread=MainThread] BREADCRUMB {"event":"frame_catchup_capped","frame_seconds":0.1}
2026-08-02T06:39:06.654 INFO     [pid=5555 thread=MainThread] BREADCRUMB {"event":"frame_catchup_capped","frame_seconds":0.1}
2026-08-02T06:39:06.757 INFO     [pid=5555 thread=MainThread] BREADCRUMB {"event":"frame_catchup_capped","frame_seconds":0.1}
2026-08-02T06:39:06.887 INFO     [pid=5555 thread=MainThread] BREADCRUMB {"event":"frame_catchup_capped","frame_seconds":0.1}
2026-08-02T06:39:06.999 INFO     [pid=5555 thread=MainThread] BREADCRUMB {"event":"frame_catchup_capped","frame_seconds":0.1}
2026-08-02T06:39:07.119 INFO     [pid=5555 thread=MainThread] BREADCRUMB {"event":"frame_catchup_capped","frame_seconds":0.1}
2026-08-02T06:39:07.224 INFO     [pid=5555 thread=MainThread] BREADCRUMB {"event":"frame_catchup_capped","frame_seconds":0.1}
2026-08-02T06:39:07.325 INFO     [pid=5555 thread=MainThread] BREADCRUMB {"event":"frame_catchup_capped","frame_seconds":0.1}
2026-08-02T06:39:07.427 INFO     [pid=5555 thread=MainThread] BREADCRUMB {"event":"frame_catchup_capped","frame_seconds":0.1}
2026-08-02T06:39:07.527 INFO     [pid=5555 thread=MainThread] BREADCRUMB {"event":"frame_catchup_capped","frame_seconds":0.1}
2026-08-02T06:39:07.643 INFO     [pid=5555 thread=MainThread] BREADCRUMB {"event":"frame_catchup_capped","frame_seconds":0.1}
2026-08-02T06:39:07.755 INFO     [pid=5555 thread=MainThread] BREADCRUMB {"event":"frame_catchup_capped","frame_seconds":0.1}
2026-08-02T06:39:07.880 INFO     [pid=5555 thread=MainThread] BREADCRUMB {"event":"frame_catchup_capped","frame_seconds":0.1}
2026-08-02T06:39:08.026 INFO     [pid=5555 thread=MainThread] BREADCRUMB {"event":"frame_catchup_capped","frame_seconds":0.1}
2026-08-02T06:39:08.163 INFO     [pid=5555 thread=MainThread] BREADCRUMB {"event":"frame_catchup_capped","frame_seconds":0.1}
2026-08-02T06:39:08.292 INFO     [pid=5555 thread=MainThread] BREADCRUMB {"event":"frame_catchup_capped","frame_seconds":0.1}
2026-08-02T06:39:08.422 INFO     [pid=5555 thread=MainThread] BREADCRUMB {"event":"frame_catchup_capped","frame_seconds":0.1}
2026-08-02T06:39:08.554 INFO     [pid=5555 thread=MainThread] BREADCRUMB {"event":"frame_catchup_capped","frame_seconds":0.1}
2026-08-02T06:39:08.657 INFO     [pid=5555 thread=MainThread] BREADCRUMB {"event":"frame_catchup_capped","frame_seconds":0.1}
2026-08-02T06:39:08.755 INFO     [pid=5555 thread=MainThread] BREADCRUMB {"event":"frame_catchup_capped","frame_seconds":0.098}
2026-08-02T06:39:08.855 INFO     [pid=5555 thread=MainThread] BREADCRUMB {"event":"frame_catchup_capped","frame_seconds":0.1}
2026-08-02T06:39:08.956 INFO     [pid=5555 thread=MainThread] BREADCRUMB {"event":"frame_catchup_capped","frame_seconds":0.1}
2026-08-02T06:39:09.059 INFO     [pid=5555 thread=MainThread] BREADCRUMB {"event":"frame_catchup_capped","frame_seconds":0.1}
2026-08-02T06:39:09.181 INFO     [pid=5555 thread=MainThread] BREADCRUMB {"event":"frame_catchup_capped","frame_seconds":0.1}
2026-08-02T06:39:09.297 INFO     [pid=5555 thread=MainThread] BREADCRUMB {"event":"frame_catchup_capped","frame_seconds":0.1}
2026-08-02T06:39:09.412 INFO     [pid=5555 thread=MainThread] BREADCRUMB {"event":"frame_catchup_capped","frame_seconds":0.1}
2026-08-02T06:39:09.521 INFO     [pid=5555 thread=MainThread] BREADCRUMB {"event":"frame_catchup_capped","frame_seconds":0.1}
2026-08-02T06:39:09.630 INFO     [pid=5555 thread=MainThread] BREADCRUMB {"event":"frame_catchup_capped","frame_seconds":0.1}
2026-08-02T06:39:09.736 INFO     [pid=5555 thread=MainThread] BREADCRUMB {"event":"frame_catchup_capped","frame_seconds":0.1}
2026-08-02T06:39:09.840 INFO     [pid=5555 thread=MainThread] BREADCRUMB {"event":"frame_catchup_capped","frame_seconds":0.1}
2026-08-02T06:39:09.963 INFO     [pid=5555 thread=MainThread] BREADCRUMB {"event":"frame_catchup_capped","frame_seconds":0.1}
2026-08-02T06:39:10.074 INFO     [pid=5555 thread=MainThread] BREADCRUMB {"event":"frame_catchup_capped","frame_seconds":0.1}
2026-08-02T06:39:10.181 INFO     [pid=5555 thread=MainThread] BREADCRUMB {"event":"frame_catchup_capped","frame_seconds":0.1}
2026-08-02T06:39:10.293 INFO     [pid=5555 thread=MainThread] BREADCRUMB {"event":"frame_catchup_capped","frame_seconds":0.1}
2026-08-02T06:39:10.406 INFO     [pid=5555 thread=MainThread] BREADCRUMB {"event":"frame_catchup_capped","frame_seconds":0.1}
2026-08-02T06:39:10.508 INFO     [pid=5555 thread=MainThread] BREADCRUMB {"event":"frame_catchup_capped","frame_seconds":0.1}
2026-08-02T06:39:10.618 INFO     [pid=5555 thread=MainThread] BREADCRUMB {"event":"frame_catchup_capped","frame_seconds":0.1}
2026-08-02T06:39:10.728 INFO     [pid=5555 thread=MainThread] BREADCRUMB {"event":"frame_catchup_capped","frame_seconds":0.1}
2026-08-02T06:39:10.825 INFO     [pid=5555 thread=MainThread] BREADCRUMB {"event":"frame_catchup_capped","frame_seconds":0.098}
2026-08-02T06:39:10.934 INFO     [pid=5555 thread=MainThread] BREADCRUMB {"event":"frame_catchup_capped","frame_seconds":0.1}
2026-08-02T06:39:11.047 INFO     [pid=5555 thread=MainThread] BREADCRUMB {"event":"frame_catchup_capped","frame_seconds":0.1}
2026-08-02T06:39:11.153 INFO     [pid=5555 thread=MainThread] BREADCRUMB {"event":"frame_catchup_capped","frame_seconds":0.1}
2026-08-02T06:39:11.251 INFO     [pid=5555 thread=MainThread] BREADCRUMB {"event":"frame_catchup_capped","frame_seconds":0.098}
2026-08-02T06:39:11.388 INFO     [pid=5555 thread=MainThread] BREADCRUMB {"event":"frame_catchup_capped","frame_seconds":0.1}
2026-08-02T06:39:11.496 INFO     [pid=5555 thread=MainThread] BREADCRUMB {"event":"frame_catchup_capped","frame_seconds":0.1}
2026-08-02T06:39:11.603 INFO     [pid=5555 thread=MainThread] BREADCRUMB {"event":"frame_catchup_capped","frame_seconds":0.1}
2026-08-02T06:39:11.714 INFO     [pid=5555 thread=MainThread] BREADCRUMB {"event":"frame_catchup_capped","frame_seconds":0.1}
2026-08-02T06:39:11.821 INFO     [pid=5555 thread=MainThread] BREADCRUMB {"event":"frame_catchup_capped","frame_seconds":0.1}
2026-08-02T06:39:11.929 INFO     [pid=5555 thread=MainThread] BREADCRUMB {"event":"frame_catchup_capped","frame_seconds":0.1}
2026-08-02T06:39:12.054 INFO     [pid=5555 thread=MainThread] BREADCRUMB {"event":"frame_catchup_capped","frame_seconds":0.1}
2026-08-02T06:39:12.172 INFO     [pid=5555 thread=MainThread] BREADCRUMB {"event":"frame_catchup_capped","frame_seconds":0.1}
2026-08-02T06:39:12.274 INFO     [pid=5555 thread=MainThread] BREADCRUMB {"event":"frame_catchup_capped","frame_seconds":0.1}
2026-08-02T06:39:12.381 INFO     [pid=5555 thread=MainThread] BREADCRUMB {"event":"frame_catchup_capped","frame_seconds":0.1}
2026-08-02T06:39:12.509 INFO     [pid=5555 thread=MainThread] BREADCRUMB {"event":"frame_catchup_capped","frame_seconds":0.1}
2026-08-02T06:39:12.625 INFO     [pid=5555 thread=MainThread] BREADCRUMB {"event":"frame_catchup_capped","frame_seconds":0.1}
2026-08-02T06:39:12.727 INFO     [pid=5555 thread=MainThread] BREADCRUMB {"event":"frame_catchup_capped","frame_seconds":0.1}
2026-08-02T06:39:12.847 INFO     [pid=5555 thread=MainThread] BREADCRUMB {"event":"frame_catchup_capped","frame_seconds":0.1}
2026-08-02T06:39:12.963 INFO     [pid=5555 thread=MainThread] BREADCRUMB {"event":"frame_catchup_capped","frame_seconds":0.1}
2026-08-02T06:39:13.066 INFO     [pid=5555 thread=MainThread] BREADCRUMB {"event":"frame_catchup_capped","frame_seconds":0.1}
2026-08-02T06:39:13.176 INFO     [pid=5555 thread=MainThread] BREADCRUMB {"event":"frame_catchup_capped","frame_seconds":0.1}
2026-08-02T06:39:13.286 INFO     [pid=5555 thread=MainThread] BREADCRUMB {"event":"frame_catchup_capped","frame_seconds":0.1}
2026-08-02T06:39:13.397 INFO     [pid=5555 thread=MainThread] BREADCRUMB {"event":"frame_catchup_capped","frame_seconds":0.1}
2026-08-02T06:39:13.530 INFO     [pid=5555 thread=MainThread] BREADCRUMB {"event":"frame_catchup_capped","frame_seconds":0.1}
2026-08-02T06:39:13.657 INFO     [pid=5555 thread=MainThread] BREADCRUMB {"event":"frame_catchup_capped","frame_seconds":0.1}
2026-08-02T06:39:13.772 INFO     [pid=5555 thread=MainThread] BREADCRUMB {"event":"frame_catchup_capped","frame_seconds":0.1}
2026-08-02T06:39:13.893 INFO     [pid=5555 thread=MainThread] BREADCRUMB {"event":"frame_catchup_capped","frame_seconds":0.1}
2026-08-02T06:39:14.010 INFO     [pid=5555 thread=MainThread] BREADCRUMB {"event":"frame_catchup_capped","frame_seconds":0.1}
2026-08-02T06:39:14.137 INFO     [pid=5555 thread=MainThread] BREADCRUMB {"event":"frame_catchup_capped","frame_seconds":0.1}
2026-08-02T06:39:14.267 INFO     [pid=5555 thread=MainThread] BREADCRUMB {"event":"frame_catchup_capped","frame_seconds":0.1}
2026-08-02T06:39:14.389 INFO     [pid=5555 thread=MainThread] BREADCRUMB {"event":"frame_catchup_capped","frame_seconds":0.1}
2026-08-02T06:39:14.508 INFO     [pid=5555 thread=MainThread] BREADCRUMB {"event":"frame_catchup_capped","frame_seconds":0.1}
2026-08-02T06:39:14.622 INFO     [pid=5555 thread=MainThread] BREADCRUMB {"event":"frame_catchup_capped","frame_seconds":0.1}
2026-08-02T06:39:14.729 INFO     [pid=5555 thread=MainThread] BREADCRUMB {"event":"frame_catchup_capped","frame_seconds":0.1}
2026-08-02T06:39:14.827 INFO     [pid=5555 thread=MainThread] BREADCRUMB {"event":"frame_catchup_capped","frame_seconds":0.098}
2026-08-02T06:39:14.926 INFO     [pid=5555 thread=MainThread] BREADCRUMB {"event":"frame_catchup_capped","frame_seconds":0.099}
2026-08-02T06:39:15.035 INFO     [pid=5555 thread=MainThread] BREADCRUMB {"event":"frame_catchup_capped","frame_seconds":0.1}
2026-08-02T06:39:15.163 INFO     [pid=5555 thread=MainThread] BREADCRUMB {"event":"frame_catchup_capped","frame_seconds":0.1}
2026-08-02T06:39:15.282 INFO     [pid=5555 thread=MainThread] BREADCRUMB {"event":"frame_catchup_capped","frame_seconds":0.1}
2026-08-02T06:39:15.383 INFO     [pid=5555 thread=MainThread] BREADCRUMB {"event":"frame_catchup_capped","frame_seconds":0.1}
2026-08-02T06:39:15.480 INFO     [pid=5555 thread=MainThread] BREADCRUMB {"event":"frame_catchup_capped","frame_seconds":0.098}
2026-08-02T06:39:15.576 INFO     [pid=5555 thread=MainThread] BREADCRUMB {"event":"frame_catchup_capped","frame_seconds":0.095}
2026-08-02T06:39:15.675 INFO     [pid=5555 thread=MainThread] BREADCRUMB {"event":"frame_catchup_capped","frame_seconds":0.099}
2026-08-02T06:39:15.776 INFO     [pid=5555 thread=MainThread] BREADCRUMB {"event":"frame_catchup_capped","frame_seconds":0.1}
2026-08-02T06:39:15.891 INFO     [pid=5555 thread=MainThread] BREADCRUMB {"event":"frame_catchup_capped","frame_seconds":0.1}
2026-08-02T06:39:15.993 INFO     [pid=5555 thread=MainThread] BREADCRUMB {"event":"frame_catchup_capped","frame_seconds":0.1}
2026-08-02T06:39:16.104 INFO     [pid=5555 thread=MainThread] BREADCRUMB {"event":"frame_catchup_capped","frame_seconds":0.1}
2026-08-02T06:39:16.209 INFO     [pid=5555 thread=MainThread] BREADCRUMB {"event":"frame_catchup_capped","frame_seconds":0.1}
2026-08-02T06:39:16.322 INFO     [pid=5555 thread=MainThread] BREADCRUMB {"event":"frame_catchup_capped","frame_seconds":0.1}
2026-08-02T06:39:16.426 INFO     [pid=5555 thread=MainThread] BREADCRUMB {"event":"frame_catchup_capped","frame_seconds":0.1}
2026-08-02T06:39:16.554 INFO     [pid=5555 thread=MainThread] BREADCRUMB {"event":"frame_catchup_capped","frame_seconds":0.1}
2026-08-02T06:39:16.670 INFO     [pid=5555 thread=MainThread] BREADCRUMB {"event":"frame_catchup_capped","frame_seconds":0.1}
2026-08-02T06:39:16.787 INFO     [pid=5555 thread=MainThread] BREADCRUMB {"event":"frame_catchup_capped","frame_seconds":0.1}
2026-08-02T06:39:16.891 INFO     [pid=5555 thread=MainThread] BREADCRUMB {"event":"frame_catchup_capped","frame_seconds":0.1}
2026-08-02T06:39:16.997 INFO     [pid=5555 thread=MainThread] BREADCRUMB {"event":"frame_catchup_capped","frame_seconds":0.1}
2026-08-02T06:39:17.098 INFO     [pid=5555 thread=MainThread] BREADCRUMB {"event":"frame_catchup_capped","frame_seconds":0.1}
2026-08-02T06:39:17.207 INFO     [pid=5555 thread=MainThread] BREADCRUMB {"event":"frame_catchup_capped","frame_seconds":0.1}
2026-08-02T06:39:17.327 INFO     [pid=5555 thread=MainThread] BREADCRUMB {"event":"frame_catchup_capped","frame_seconds":0.1}
2026-08-02T06:39:17.429 INFO     [pid=5555 thread=MainThread] BREADCRUMB {"event":"frame_catchup_capped","frame_seconds":0.1}
2026-08-02T06:39:17.533 INFO     [pid=5555 thread=MainThread] BREADCRUMB {"event":"frame_catchup_capped","frame_seconds":0.1}
2026-08-02T06:39:17.641 INFO     [pid=5555 thread=MainThread] BREADCRUMB {"event":"frame_catchup_capped","frame_seconds":0.1}
2026-08-02T06:39:17.759 INFO     [pid=5555 thread=MainThread] BREADCRUMB {"event":"frame_catchup_capped","frame_seconds":0.1}
2026-08-02T06:39:17.882 INFO     [pid=5555 thread=MainThread] BREADCRUMB {"event":"frame_catchup_capped","frame_seconds":0.1}
2026-08-02T06:39:18.011 INFO     [pid=5555 thread=MainThread] BREADCRUMB {"event":"frame_catchup_capped","frame_seconds":0.1}
2026-08-02T06:39:18.118 INFO     [pid=5555 thread=MainThread] BREADCRUMB {"event":"frame_catchup_capped","frame_seconds":0.1}
2026-08-02T06:39:18.217 INFO     [pid=5555 thread=MainThread] BREADCRUMB {"event":"frame_catchup_capped","frame_seconds":0.099}
2026-08-02T06:39:18.318 INFO     [pid=5555 thread=MainThread] BREADCRUMB {"event":"frame_catchup_capped","frame_seconds":0.1}
2026-08-02T06:39:18.418 INFO     [pid=5555 thread=MainThread] BREADCRUMB {"event":"frame_catchup_capped","frame_seconds":0.1}
2026-08-02T06:39:18.521 INFO     [pid=5555 thread=MainThread] BREADCRUMB {"event":"frame_catchup_capped","frame_seconds":0.1}
2026-08-02T06:39:18.630 INFO     [pid=5555 thread=MainThread] BREADCRUMB {"event":"frame_catchup_capped","frame_seconds":0.1}
2026-08-02T06:39:18.756 INFO     [pid=5555 thread=MainThread] BREADCRUMB {"event":"frame_catchup_capped","frame_seconds":0.1}
2026-08-02T06:39:18.880 INFO     [pid=5555 thread=MainThread] BREADCRUMB {"event":"frame_catchup_capped","frame_seconds":0.1}
2026-08-02T06:39:19.023 INFO     [pid=5555 thread=MainThread] BREADCRUMB {"event":"frame_catchup_capped","frame_seconds":0.1}
2026-08-02T06:39:19.137 INFO     [pid=5555 thread=MainThread] BREADCRUMB {"event":"frame_catchup_capped","frame_seconds":0.1}
2026-08-02T06:39:19.248 INFO     [pid=5555 thread=MainThread] BREADCRUMB {"event":"frame_catchup_capped","frame_seconds":0.1}
2026-08-02T06:39:19.351 INFO     [pid=5555 thread=MainThread] BREADCRUMB {"event":"frame_catchup_capped","frame_seconds":0.1}
2026-08-02T06:39:19.486 INFO     [pid=5555 thread=MainThread] BREADCRUMB {"event":"frame_catchup_capped","frame_seconds":0.1}
2026-08-02T06:39:19.599 INFO     [pid=5555 thread=MainThread] BREADCRUMB {"event":"frame_catchup_capped","frame_seconds":0.1}
2026-08-02T06:39:19.716 INFO     [pid=5555 thread=MainThread] BREADCRUMB {"event":"frame_catchup_capped","frame_seconds":0.1}
2026-08-02T06:39:19.827 INFO     [pid=5555 thread=MainThread] BREADCRUMB {"event":"frame_catchup_capped","frame_seconds":0.1}
2026-08-02T06:39:19.932 INFO     [pid=5555 thread=MainThread] BREADCRUMB {"event":"frame_catchup_capped","frame_seconds":0.1}
2026-08-02T06:39:20.035 INFO     [pid=5555 thread=MainThread] BREADCRUMB {"event":"frame_catchup_capped","frame_seconds":0.1}
2026-08-02T06:39:20.146 INFO     [pid=5555 thread=MainThread] BREADCRUMB {"event":"frame_catchup_capped","frame_seconds":0.1}
2026-08-02T06:39:20.256 INFO     [pid=5555 thread=MainThread] BREADCRUMB {"event":"frame_catchup_capped","frame_seconds":0.1}
2026-08-02T06:39:20.354 INFO     [pid=5555 thread=MainThread] BREADCRUMB {"event":"frame_catchup_capped","frame_seconds":0.098}
2026-08-02T06:39:20.458 INFO     [pid=5555 thread=MainThread] BREADCRUMB {"event":"frame_catchup_capped","frame_seconds":0.1}
2026-08-02T06:39:20.558 INFO     [pid=5555 thread=MainThread] BREADCRUMB {"event":"frame_catchup_capped","frame_seconds":0.1}
2026-08-02T06:39:20.658 INFO     [pid=5555 thread=MainThread] BREADCRUMB {"event":"frame_catchup_capped","frame_seconds":0.099}
2026-08-02T06:39:20.764 INFO     [pid=5555 thread=MainThread] BREADCRUMB {"event":"frame_catchup_capped","frame_seconds":0.1}
2026-08-02T06:39:20.891 INFO     [pid=5555 thread=MainThread] BREADCRUMB {"event":"frame_catchup_capped","frame_seconds":0.1}
2026-08-02T06:39:21.002 INFO     [pid=5555 thread=MainThread] BREADCRUMB {"event":"frame_catchup_capped","frame_seconds":0.1}
2026-08-02T06:39:21.114 INFO     [pid=5555 thread=MainThread] BREADCRUMB {"event":"frame_catchup_capped","frame_seconds":0.1}
2026-08-02T06:39:21.223 INFO     [pid=5555 thread=MainThread] BREADCRUMB {"event":"frame_catchup_capped","frame_seconds":0.1}
2026-08-02T06:39:21.329 INFO     [pid=5555 thread=MainThread] BREADCRUMB {"event":"frame_catchup_capped","frame_seconds":0.1}
2026-08-02T06:39:21.438 INFO     [pid=5555 thread=MainThread] BREADCRUMB {"event":"frame_catchup_capped","frame_seconds":0.1}
2026-08-02T06:39:21.559 INFO     [pid=5555 thread=MainThread] BREADCRUMB {"event":"frame_catchup_capped","frame_seconds":0.1}
2026-08-02T06:39:21.687 INFO     [pid=5555 thread=MainThread] BREADCRUMB {"event":"frame_catchup_capped","frame_seconds":0.1}
2026-08-02T06:39:21.790 INFO     [pid=5555 thread=MainThread] BREADCRUMB {"event":"frame_catchup_capped","frame_seconds":0.1}
2026-08-02T06:39:21.893 INFO     [pid=5555 thread=MainThread] BREADCRUMB {"event":"frame_catchup_capped","frame_seconds":0.1}
2026-08-02T06:39:21.994 INFO     [pid=5555 thread=MainThread] BREADCRUMB {"event":"frame_catchup_capped","frame_seconds":0.1}
2026-08-02T06:39:22.089 INFO     [pid=5555 thread=MainThread] BREADCRUMB {"event":"frame_catchup_capped","frame_seconds":0.095}
2026-08-02T06:39:22.185 INFO     [pid=5555 thread=MainThread] BREADCRUMB {"event":"frame_catchup_capped","frame_seconds":0.095}
2026-08-02T06:39:22.295 INFO     [pid=5555 thread=MainThread] BREADCRUMB {"event":"frame_catchup_capped","frame_seconds":0.1}
2026-08-02T06:39:22.412 INFO     [pid=5555 thread=MainThread] BREADCRUMB {"event":"frame_catchup_capped","frame_seconds":0.1}
2026-08-02T06:39:22.512 INFO     [pid=5555 thread=MainThread] BREADCRUMB {"event":"frame_catchup_capped","frame_seconds":0.1}
2026-08-02T06:39:22.608 INFO     [pid=5555 thread=MainThread] BREADCRUMB {"event":"frame_catchup_capped","frame_seconds":0.096}
2026-08-02T06:39:22.709 INFO     [pid=5555 thread=MainThread] BREADCRUMB {"event":"frame_catchup_capped","frame_seconds":0.1}
2026-08-02T06:39:22.814 INFO     [pid=5555 thread=MainThread] BREADCRUMB {"event":"frame_catchup_capped","frame_seconds":0.1}
2026-08-02T06:39:22.924 INFO     [pid=5555 thread=MainThread] BREADCRUMB {"event":"frame_catchup_capped","frame_seconds":0.1}
2026-08-02T06:39:23.052 INFO     [pid=5555 thread=MainThread] BREADCRUMB {"event":"frame_catchup_capped","frame_seconds":0.1}
2026-08-02T06:39:23.170 INFO     [pid=5555 thread=MainThread] BREADCRUMB {"event":"frame_catchup_capped","frame_seconds":0.1}
2026-08-02T06:39:23.276 INFO     [pid=5555 thread=MainThread] BREADCRUMB {"event":"frame_catchup_capped","frame_seconds":0.1}
2026-08-02T06:39:23.379 INFO     [pid=5555 thread=MainThread] BREADCRUMB {"event":"frame_catchup_capped","frame_seconds":0.1}
2026-08-02T06:39:23.491 INFO     [pid=5555 thread=MainThread] BREADCRUMB {"event":"frame_catchup_capped","frame_seconds":0.1}
2026-08-02T06:39:23.621 INFO     [pid=5555 thread=MainThread] BREADCRUMB {"event":"frame_catchup_capped","frame_seconds":0.1}
2026-08-02T06:39:23.739 INFO     [pid=5555 thread=MainThread] BREADCRUMB {"event":"frame_catchup_capped","frame_seconds":0.1}
2026-08-02T06:39:23.867 INFO     [pid=5555 thread=MainThread] BREADCRUMB {"event":"frame_catchup_capped","frame_seconds":0.1}
2026-08-02T06:39:23.993 INFO     [pid=5555 thread=MainThread] BREADCRUMB {"event":"frame_catchup_capped","frame_seconds":0.1}
2026-08-02T06:39:24.134 INFO     [pid=5555 thread=MainThread] BREADCRUMB {"event":"frame_catchup_capped","frame_seconds":0.1}
2026-08-02T06:39:24.272 INFO     [pid=5555 thread=MainThread] BREADCRUMB {"event":"frame_catchup_capped","frame_seconds":0.1}
2026-08-02T06:39:24.406 INFO     [pid=5555 thread=MainThread] BREADCRUMB {"event":"frame_catchup_capped","frame_seconds":0.1}
2026-08-02T06:39:24.542 INFO     [pid=5555 thread=MainThread] BREADCRUMB {"event":"frame_catchup_capped","frame_seconds":0.1}
2026-08-02T06:39:24.673 INFO     [pid=5555 thread=MainThread] BREADCRUMB {"event":"frame_catchup_capped","frame_seconds":0.1}
2026-08-02T06:39:24.820 INFO     [pid=5555 thread=MainThread] BREADCRUMB {"event":"frame_catchup_capped","frame_seconds":0.1}
2026-08-02T06:39:25.003 INFO     [pid=5555 thread=MainThread] BREADCRUMB {"event":"frame_catchup_capped","frame_seconds":0.1}
2026-08-02T06:39:25.168 INFO     [pid=5555 thread=MainThread] BREADCRUMB {"event":"frame_catchup_capped","frame_seconds":0.1}
2026-08-02T06:39:25.279 INFO     [pid=5555 thread=MainThread] BREADCRUMB {"event":"frame_catchup_capped","frame_seconds":0.1}
2026-08-02T06:39:25.392 INFO     [pid=5555 thread=MainThread] BREADCRUMB {"event":"frame_catchup_capped","frame_seconds":0.1}
2026-08-02T06:39:25.526 INFO     [pid=5555 thread=MainThread] BREADCRUMB {"event":"frame_catchup_capped","frame_seconds":0.1}
2026-08-02T06:39:25.659 INFO     [pid=5555 thread=MainThread] BREADCRUMB {"event":"frame_catchup_capped","frame_seconds":0.1}
2026-08-02T06:39:25.775 INFO     [pid=5555 thread=MainThread] BREADCRUMB {"event":"frame_catchup_capped","frame_seconds":0.1}
2026-08-02T06:39:25.882 INFO     [pid=5555 thread=MainThread] BREADCRUMB {"event":"frame_catchup_capped","frame_seconds":0.1}
2026-08-02T06:39:25.988 INFO     [pid=5555 thread=MainThread] BREADCRUMB {"event":"frame_catchup_capped","frame_seconds":0.1}
2026-08-02T06:39:26.095 INFO     [pid=5555 thread=MainThread] BREADCRUMB {"event":"frame_catchup_capped","frame_seconds":0.1}
2026-08-02T06:39:26.215 INFO     [pid=5555 thread=MainThread] BREADCRUMB {"event":"frame_catchup_capped","frame_seconds":0.1}
2026-08-02T06:39:26.353 INFO     [pid=5555 thread=MainThread] BREADCRUMB {"event":"frame_catchup_capped","frame_seconds":0.1}
2026-08-02T06:39:26.488 INFO     [pid=5555 thread=MainThread] BREADCRUMB {"event":"frame_catchup_capped","frame_seconds":0.1}
2026-08-02T06:39:26.596 INFO     [pid=5555 thread=MainThread] BREADCRUMB {"event":"frame_catchup_capped","frame_seconds":0.1}
2026-08-02T06:39:26.692 INFO     [pid=5555 thread=MainThread] BREADCRUMB {"event":"frame_catchup_capped","frame_seconds":0.096}
2026-08-02T06:39:26.793 INFO     [pid=5555 thread=MainThread] BREADCRUMB {"event":"frame_catchup_capped","frame_seconds":0.1}
2026-08-02T06:39:26.901 INFO     [pid=5555 thread=MainThread] BREADCRUMB {"event":"frame_catchup_capped","frame_seconds":0.1}
2026-08-02T06:39:27.010 INFO     [pid=5555 thread=MainThread] BREADCRUMB {"event":"frame_catchup_capped","frame_seconds":0.1}
2026-08-02T06:39:27.136 INFO     [pid=5555 thread=MainThread] BREADCRUMB {"event":"frame_catchup_capped","frame_seconds":0.1}
2026-08-02T06:39:27.247 INFO     [pid=5555 thread=MainThread] BREADCRUMB {"event":"frame_catchup_capped","frame_seconds":0.1}
2026-08-02T06:39:27.380 INFO     [pid=5555 thread=MainThread] BREADCRUMB {"event":"frame_catchup_capped","frame_seconds":0.1}
2026-08-02T06:39:27.518 INFO     [pid=5555 thread=MainThread] BREADCRUMB {"event":"frame_catchup_capped","frame_seconds":0.1}
2026-08-02T06:39:27.630 INFO     [pid=5555 thread=MainThread] BREADCRUMB {"event":"frame_catchup_capped","frame_seconds":0.1}
2026-08-02T06:39:27.734 INFO     [pid=5555 thread=MainThread] BREADCRUMB {"event":"frame_catchup_capped","frame_seconds":0.1}
2026-08-02T06:39:27.849 INFO     [pid=5555 thread=MainThread] BREADCRUMB {"event":"frame_catchup_capped","frame_seconds":0.1}
2026-08-02T06:39:27.959 INFO     [pid=5555 thread=MainThread] BREADCRUMB {"event":"frame_catchup_capped","frame_seconds":0.1}
2026-08-02T06:39:28.067 INFO     [pid=5555 thread=MainThread] BREADCRUMB {"event":"frame_catchup_capped","frame_seconds":0.1}
2026-08-02T06:39:28.179 INFO     [pid=5555 thread=MainThread] BREADCRUMB {"event":"frame_catchup_capped","frame_seconds":0.1}
2026-08-02T06:39:28.290 INFO     [pid=5555 thread=MainThread] BREADCRUMB {"event":"frame_catchup_capped","frame_seconds":0.1}
2026-08-02T06:39:28.393 INFO     [pid=5555 thread=MainThread] BREADCRUMB {"event":"frame_catchup_capped","frame_seconds":0.1}
2026-08-02T06:39:28.504 INFO     [pid=5555 thread=MainThread] BREADCRUMB {"event":"frame_catchup_capped","frame_seconds":0.1}
2026-08-02T06:39:28.625 INFO     [pid=5555 thread=MainThread] BREADCRUMB {"event":"frame_catchup_capped","frame_seconds":0.1}
2026-08-02T06:39:28.733 INFO     [pid=5555 thread=MainThread] BREADCRUMB {"event":"frame_catchup_capped","frame_seconds":0.1}
2026-08-02T06:39:28.848 INFO     [pid=5555 thread=MainThread] BREADCRUMB {"event":"frame_catchup_capped","frame_seconds":0.1}
2026-08-02T06:39:28.992 INFO     [pid=5555 thread=MainThread] BREADCRUMB {"event":"frame_catchup_capped","frame_seconds":0.1}
2026-08-02T06:39:29.112 INFO     [pid=5555 thread=MainThread] BREADCRUMB {"event":"frame_catchup_capped","frame_seconds":0.1}
2026-08-02T06:39:29.239 INFO     [pid=5555 thread=MainThread] BREADCRUMB {"event":"frame_catchup_capped","frame_seconds":0.1}
2026-08-02T06:39:29.372 INFO     [pid=5555 thread=MainThread] BREADCRUMB {"event":"frame_catchup_capped","frame_seconds":0.1}
2026-08-02T06:39:29.496 INFO     [pid=5555 thread=MainThread] BREADCRUMB {"event":"frame_catchup_capped","frame_seconds":0.1}
2026-08-02T06:39:29.603 INFO     [pid=5555 thread=MainThread] BREADCRUMB {"event":"frame_catchup_capped","frame_seconds":0.1}
2026-08-02T06:39:29.706 INFO     [pid=5555 thread=MainThread] BREADCRUMB {"event":"frame_catchup_capped","frame_seconds":0.1}
2026-08-02T06:39:29.804 INFO     [pid=5555 thread=MainThread] BREADCRUMB {"event":"frame_catchup_capped","frame_seconds":0.099}
2026-08-02T06:39:29.903 INFO     [pid=5555 thread=MainThread] BREADCRUMB {"event":"frame_catchup_capped","frame_seconds":0.1}
2026-08-02T06:39:30.013 INFO     [pid=5555 thread=MainThread] BREADCRUMB {"event":"frame_catchup_capped","frame_seconds":0.1}
2026-08-02T06:39:30.132 INFO     [pid=5555 thread=MainThread] BREADCRUMB {"event":"frame_catchup_capped","frame_seconds":0.1}
2026-08-02T06:39:30.239 INFO     [pid=5555 thread=MainThread] BREADCRUMB {"event":"frame_catchup_capped","frame_seconds":0.1}
2026-08-02T06:39:30.336 INFO     [pid=5555 thread=MainThread] BREADCRUMB {"event":"frame_catchup_capped","frame_seconds":0.097}
2026-08-02T06:39:30.439 INFO     [pid=5555 thread=MainThread] BREADCRUMB {"event":"frame_catchup_capped","frame_seconds":0.1}
2026-08-02T06:39:30.557 INFO     [pid=5555 thread=MainThread] BREADCRUMB {"event":"frame_catchup_capped","frame_seconds":0.1}
2026-08-02T06:39:30.660 INFO     [pid=5555 thread=MainThread] BREADCRUMB {"event":"frame_catchup_capped","frame_seconds":0.1}
2026-08-02T06:39:30.796 INFO     [pid=5555 thread=MainThread] BREADCRUMB {"event":"frame_catchup_capped","frame_seconds":0.1}
2026-08-02T06:39:30.902 INFO     [pid=5555 thread=MainThread] BREADCRUMB {"event":"frame_catchup_capped","frame_seconds":0.1}
2026-08-02T06:39:31.010 INFO     [pid=5555 thread=MainThread] BREADCRUMB {"event":"frame_catchup_capped","frame_seconds":0.1}
2026-08-02T06:39:31.121 INFO     [pid=5555 thread=MainThread] BREADCRUMB {"event":"frame_catchup_capped","frame_seconds":0.1}
2026-08-02T06:39:31.226 INFO     [pid=5555 thread=MainThread] BREADCRUMB {"event":"frame_catchup_capped","frame_seconds":0.1}
2026-08-02T06:39:31.329 INFO     [pid=5555 thread=MainThread] BREADCRUMB {"event":"frame_catchup_capped","frame_seconds":0.1}
2026-08-02T06:39:31.432 INFO     [pid=5555 thread=MainThread] BREADCRUMB {"event":"frame_catchup_capped","frame_seconds":0.1}
2026-08-02T06:39:31.544 INFO     [pid=5555 thread=MainThread] BREADCRUMB {"event":"frame_catchup_capped","frame_seconds":0.1}
2026-08-02T06:39:31.649 INFO     [pid=5555 thread=MainThread] BREADCRUMB {"event":"frame_catchup_capped","frame_seconds":0.1}
2026-08-02T06:39:31.746 INFO     [pid=5555 thread=MainThread] BREADCRUMB {"event":"frame_catchup_capped","frame_seconds":0.097}
2026-08-02T06:39:31.849 INFO     [pid=5555 thread=MainThread] BREADCRUMB {"event":"frame_catchup_capped","frame_seconds":0.1}
2026-08-02T06:39:31.954 INFO     [pid=5555 thread=MainThread] BREADCRUMB {"event":"frame_catchup_capped","frame_seconds":0.1}
2026-08-02T06:39:32.073 INFO     [pid=5555 thread=MainThread] BREADCRUMB {"event":"frame_catchup_capped","frame_seconds":0.1}
2026-08-02T06:39:32.183 INFO     [pid=5555 thread=MainThread] BREADCRUMB {"event":"frame_catchup_capped","frame_seconds":0.1}
2026-08-02T06:39:32.309 INFO     [pid=5555 thread=MainThread] BREADCRUMB {"event":"frame_catchup_capped","frame_seconds":0.1}
2026-08-02T06:39:32.409 INFO     [pid=5555 thread=MainThread] BREADCRUMB {"event":"frame_catchup_capped","frame_seconds":0.1}
2026-08-02T06:39:32.516 INFO     [pid=5555 thread=MainThread] BREADCRUMB {"event":"frame_catchup_capped","frame_seconds":0.1}
2026-08-02T06:39:32.624 INFO     [pid=5555 thread=MainThread] BREADCRUMB {"event":"frame_catchup_capped","frame_seconds":0.1}
2026-08-02T06:39:32.724 INFO     [pid=5555 thread=MainThread] BREADCRUMB {"event":"frame_catchup_capped","frame_seconds":0.1}
2026-08-02T06:39:32.825 INFO     [pid=5555 thread=MainThread] BREADCRUMB {"event":"frame_catchup_capped","frame_seconds":0.1}
2026-08-02T06:39:32.937 INFO     [pid=5555 thread=MainThread] BREADCRUMB {"event":"frame_catchup_capped","frame_seconds":0.1}
2026-08-02T06:39:33.056 INFO     [pid=5555 thread=MainThread] BREADCRUMB {"event":"frame_catchup_capped","frame_seconds":0.1}
2026-08-02T06:39:33.175 INFO     [pid=5555 thread=MainThread] BREADCRUMB {"event":"frame_catchup_capped","frame_seconds":0.1}
2026-08-02T06:39:33.281 INFO     [pid=5555 thread=MainThread] BREADCRUMB {"event":"frame_catchup_capped","frame_seconds":0.1}
2026-08-02T06:39:33.395 INFO     [pid=5555 thread=MainThread] BREADCRUMB {"event":"frame_catchup_capped","frame_seconds":0.1}
2026-08-02T06:39:33.501 INFO     [pid=5555 thread=MainThread] BREADCRUMB {"event":"frame_catchup_capped","frame_seconds":0.1}
2026-08-02T06:39:33.604 INFO     [pid=5555 thread=MainThread] BREADCRUMB {"event":"frame_catchup_capped","frame_seconds":0.1}
2026-08-02T06:39:33.722 INFO     [pid=5555 thread=MainThread] BREADCRUMB {"event":"frame_catchup_capped","frame_seconds":0.1}
2026-08-02T06:39:33.825 INFO     [pid=5555 thread=MainThread] BREADCRUMB {"event":"frame_catchup_capped","frame_seconds":0.1}
2026-08-02T06:39:33.933 INFO     [pid=5555 thread=MainThread] BREADCRUMB {"event":"frame_catchup_capped","frame_seconds":0.1}
2026-08-02T06:39:34.048 INFO     [pid=5555 thread=MainThread] BREADCRUMB {"event":"frame_catchup_capped","frame_seconds":0.1}
2026-08-02T06:39:34.146 INFO     [pid=5555 thread=MainThread] BREADCRUMB {"event":"frame_catchup_capped","frame_seconds":0.097}
2026-08-02T06:39:34.251 INFO     [pid=5555 thread=MainThread] BREADCRUMB {"event":"frame_catchup_capped","frame_seconds":0.1}
2026-08-02T06:39:34.366 INFO     [pid=5555 thread=MainThread] BREADCRUMB {"event":"frame_catchup_capped","frame_seconds":0.1}
2026-08-02T06:39:34.470 INFO     [pid=5555 thread=MainThread] BREADCRUMB {"event":"frame_catchup_capped","frame_seconds":0.1}
2026-08-02T06:39:34.588 INFO     [pid=5555 thread=MainThread] BREADCRUMB {"event":"frame_catchup_capped","frame_seconds":0.1}
2026-08-02T06:39:34.698 INFO     [pid=5555 thread=MainThread] BREADCRUMB {"event":"frame_catchup_capped","frame_seconds":0.1}
2026-08-02T06:39:34.845 INFO     [pid=5555 thread=MainThread] BREADCRUMB {"event":"frame_catchup_capped","frame_seconds":0.1}
2026-08-02T06:39:34.977 INFO     [pid=5555 thread=MainThread] BREADCRUMB {"event":"frame_catchup_capped","frame_seconds":0.1}
2026-08-02T06:39:35.101 INFO     [pid=5555 thread=MainThread] BREADCRUMB {"event":"frame_catchup_capped","frame_seconds":0.1}
2026-08-02T06:39:35.247 INFO     [pid=5555 thread=MainThread] BREADCRUMB {"event":"player_joined","state":"character_select","frame":1650,"player":1,"binding":{"type":"keyboard"}}
2026-08-02T06:39:35.248 INFO     [pid=5555 thread=MainThread] BREADCRUMB {"event":"character_select_opened","state":"character_select","frame":1650,"source":{"type":"keyboard"}}
2026-08-02T06:39:35.250 INFO     [pid=5555 thread=MainThread] BREADCRUMB {"event":"character_confirmed","state":"character_select","frame":1651,"player":1,"character":"black_dave"}
2026-08-02T06:39:35.301 INFO     [pid=5555 thread=MainThread] BREADCRUMB {"event":"music_started","filename":"red_2nd_track_stage_8bit.ogg","loop":true}
2026-08-02T06:39:35.303 INFO     [pid=5555 thread=MainThread] BREADCRUMB {"event":"stage_music_selected","state":"gameplay","frame":1651,"filename":"red_2nd_track_stage_8bit.ogg","started":true}
2026-08-02T06:39:35.303 INFO     [pid=5555 thread=MainThread] BREADCRUMB {"event":"stage_started","state":"gameplay","frame":1651,"stage":"second_street","players":[{"slot":1,"character":"black_dave","binding":{"type":"keyboard"},"cpu":false},{"slot":2,"character":"shelly","binding":{"type":"cpu","instance_id":-2},"cpu":true}]}
2026-08-02T06:39:35.325 INFO     [pid=5555 thread=MainThread] BREADCRUMB {"event":"frame_catchup_capped","frame_seconds":0.1}
2026-08-02T06:39:40.067 INFO     [pid=5555 thread=MainThread] BREADCRUMB {"event":"frame_catchup_capped","frame_seconds":0.1}
2026-08-02T06:39:40.693 INFO     [pid=5555 thread=MainThread] BREADCRUMB {"event":"frame_catchup_capped","frame_seconds":0.1}
2026-08-02T06:39:41.399 INFO     [pid=5555 thread=MainThread] BREADCRUMB {"event":"frame_catchup_capped","frame_seconds":0.1}
2026-08-02T06:39:42.062 INFO     [pid=5555 thread=MainThread] BREADCRUMB {"event":"frame_catchup_capped","frame_seconds":0.1}
2026-08-02T06:39:42.681 INFO     [pid=5555 thread=MainThread] BREADCRUMB {"event":"frame_catchup_capped","frame_seconds":0.1}
2026-08-02T06:39:43.309 INFO     [pid=5555 thread=MainThread] BREADCRUMB {"event":"frame_catchup_capped","frame_seconds":0.1}
2026-08-02T06:39:44.050 INFO     [pid=5555 thread=MainThread] BREADCRUMB {"event":"frame_catchup_capped","frame_seconds":0.1}
2026-08-02T06:39:44.707 INFO     [pid=5555 thread=MainThread] BREADCRUMB {"event":"frame_catchup_capped","frame_seconds":0.1}
2026-08-02T06:39:45.381 INFO     [pid=5555 thread=MainThread] BREADCRUMB {"event":"frame_catchup_capped","frame_seconds":0.1}
2026-08-02T06:39:45.989 INFO     [pid=5555 thread=MainThread] BREADCRUMB {"event":"frame_catchup_capped","frame_seconds":0.1}
2026-08-02T06:39:46.659 INFO     [pid=5555 thread=MainThread] BREADCRUMB {"event":"frame_catchup_capped","frame_seconds":0.1}
2026-08-02T06:39:47.306 INFO     [pid=5555 thread=MainThread] BREADCRUMB {"event":"frame_catchup_capped","frame_seconds":0.1}
2026-08-02T06:39:47.974 INFO     [pid=5555 thread=MainThread] BREADCRUMB {"event":"frame_catchup_capped","frame_seconds":0.1}
2026-08-02T06:39:48.633 INFO     [pid=5555 thread=MainThread] BREADCRUMB {"event":"frame_catchup_capped","frame_seconds":0.1}
2026-08-02T06:39:49.434 INFO     [pid=5555 thread=MainThread] BREADCRUMB {"event":"frame_catchup_capped","frame_seconds":0.1}
2026-08-02T06:39:50.130 INFO     [pid=5555 thread=MainThread] BREADCRUMB {"event":"frame_catchup_capped","frame_seconds":0.1}
2026-08-02T06:39:50.772 INFO     [pid=5555 thread=MainThread] BREADCRUMB {"event":"frame_catchup_capped","frame_seconds":0.1}
2026-08-02T06:39:51.404 INFO     [pid=5555 thread=MainThread] BREADCRUMB {"event":"frame_catchup_capped","frame_seconds":0.1}
2026-08-02T06:39:52.082 INFO     [pid=5555 thread=MainThread] BREADCRUMB {"event":"frame_catchup_capped","frame_seconds":0.1}
2026-08-02T06:39:52.820 INFO     [pid=5555 thread=MainThread] BREADCRUMB {"event":"frame_catchup_capped","frame_seconds":0.1}
2026-08-02T06:39:53.468 INFO     [pid=5555 thread=MainThread] BREADCRUMB {"event":"frame_catchup_capped","frame_seconds":0.1}
2026-08-02T06:39:54.116 INFO     [pid=5555 thread=MainThread] BREADCRUMB {"event":"frame_catchup_capped","frame_seconds":0.1}
2026-08-02T06:39:54.757 INFO     [pid=5555 thread=MainThread] BREADCRUMB {"event":"frame_catchup_capped","frame_seconds":0.1}
2026-08-02T06:39:55.464 INFO     [pid=5555 thread=MainThread] BREADCRUMB {"event":"frame_catchup_capped","frame_seconds":0.1}
2026-08-02T06:39:56.123 INFO     [pid=5555 thread=MainThread] BREADCRUMB {"event":"frame_catchup_capped","frame_seconds":0.1}
2026-08-02T06:39:56.751 INFO     [pid=5555 thread=MainThread] BREADCRUMB {"event":"frame_catchup_capped","frame_seconds":0.1}
2026-08-02T06:39:57.410 INFO     [pid=5555 thread=MainThread] BREADCRUMB {"event":"frame_catchup_capped","frame_seconds":0.1}
2026-08-02T06:39:58.030 INFO     [pid=5555 thread=MainThread] BREADCRUMB {"event":"frame_catchup_capped","frame_seconds":0.1}
2026-08-02T06:39:58.657 INFO     [pid=5555 thread=MainThread] BREADCRUMB {"event":"frame_catchup_capped","frame_seconds":0.1}
2026-08-02T06:39:59.301 INFO     [pid=5555 thread=MainThread] BREADCRUMB {"event":"frame_catchup_capped","frame_seconds":0.1}
2026-08-02T06:39:59.915 INFO     [pid=5555 thread=MainThread] BREADCRUMB {"event":"frame_catchup_capped","frame_seconds":0.1}
2026-08-02T06:40:00.572 INFO     [pid=5555 thread=MainThread] BREADCRUMB {"event":"frame_catchup_capped","frame_seconds":0.1}
2026-08-02T06:40:01.204 INFO     [pid=5555 thread=MainThread] BREADCRUMB {"event":"frame_catchup_capped","frame_seconds":0.1}
2026-08-02T06:40:01.829 INFO     [pid=5555 thread=MainThread] BREADCRUMB {"event":"frame_catchup_capped","frame_seconds":0.1}
2026-08-02T06:40:02.471 INFO     [pid=5555 thread=MainThread] BREADCRUMB {"event":"frame_catchup_capped","frame_seconds":0.1}
2026-08-02T06:40:03.075 INFO     [pid=5555 thread=MainThread] BREADCRUMB {"event":"frame_catchup_capped","frame_seconds":0.1}
2026-08-02T06:40:03.741 INFO     [pid=5555 thread=MainThread] BREADCRUMB {"event":"frame_catchup_capped","frame_seconds":0.1}
2026-08-02T06:40:04.377 INFO     [pid=5555 thread=MainThread] BREADCRUMB {"event":"frame_catchup_capped","frame_seconds":0.1}
2026-08-02T06:40:05.022 INFO     [pid=5555 thread=MainThread] BREADCRUMB {"event":"frame_catchup_capped","frame_seconds":0.1}
2026-08-02T06:40:05.721 INFO     [pid=5555 thread=MainThread] BREADCRUMB {"event":"frame_catchup_capped","frame_seconds":0.1}
2026-08-02T06:40:06.374 INFO     [pid=5555 thread=MainThread] BREADCRUMB {"event":"frame_catchup_capped","frame_seconds":0.1}
2026-08-02T06:40:07.025 INFO     [pid=5555 thread=MainThread] BREADCRUMB {"event":"frame_catchup_capped","frame_seconds":0.1}
2026-08-02T06:40:07.704 INFO     [pid=5555 thread=MainThread] BREADCRUMB {"event":"frame_catchup_capped","frame_seconds":0.1}
2026-08-02T06:40:08.296 INFO     [pid=5555 thread=MainThread] BREADCRUMB {"event":"frame_catchup_capped","frame_seconds":0.1}
2026-08-02T06:40:08.896 INFO     [pid=5555 thread=MainThread] BREADCRUMB {"event":"frame_catchup_capped","frame_seconds":0.1}
2026-08-02T06:40:09.532 INFO     [pid=5555 thread=MainThread] BREADCRUMB {"event":"frame_catchup_capped","frame_seconds":0.1}
2026-08-02T06:40:10.133 INFO     [pid=5555 thread=MainThread] BREADCRUMB {"event":"frame_catchup_capped","frame_seconds":0.1}
2026-08-02T06:40:10.775 INFO     [pid=5555 thread=MainThread] BREADCRUMB {"event":"frame_catchup_capped","frame_seconds":0.1}
2026-08-02T06:40:11.408 INFO     [pid=5555 thread=MainThread] BREADCRUMB {"event":"frame_catchup_capped","frame_seconds":0.1}
2026-08-02T06:40:12.045 INFO     [pid=5555 thread=MainThread] BREADCRUMB {"event":"frame_catchup_capped","frame_seconds":0.1}
2026-08-02T06:40:12.679 INFO     [pid=5555 thread=MainThread] BREADCRUMB {"event":"frame_catchup_capped","frame_seconds":0.1}
2026-08-02T06:40:13.415 INFO     [pid=5555 thread=MainThread] BREADCRUMB {"event":"frame_catchup_capped","frame_seconds":0.1}
2026-08-02T06:40:14.170 INFO     [pid=5555 thread=MainThread] BREADCRUMB {"event":"frame_catchup_capped","frame_seconds":0.1}
2026-08-02T06:40:14.826 INFO     [pid=5555 thread=MainThread] BREADCRUMB {"event":"frame_catchup_capped","frame_seconds":0.1}
2026-08-02T06:40:15.540 INFO     [pid=5555 thread=MainThread] BREADCRUMB {"event":"frame_catchup_capped","frame_seconds":0.1}
2026-08-02T06:40:16.351 INFO     [pid=5555 thread=MainThread] BREADCRUMB {"event":"frame_catchup_capped","frame_seconds":0.1}
2026-08-02T06:40:17.160 INFO     [pid=5555 thread=MainThread] BREADCRUMB {"event":"frame_catchup_capped","frame_seconds":0.1}
2026-08-02T06:40:17.821 INFO     [pid=5555 thread=MainThread] BREADCRUMB {"event":"frame_catchup_capped","frame_seconds":0.1}
2026-08-02T06:40:18.483 INFO     [pid=5555 thread=MainThread] BREADCRUMB {"event":"frame_catchup_capped","frame_seconds":0.1}
2026-08-02T06:40:19.131 INFO     [pid=5555 thread=MainThread] BREADCRUMB {"event":"frame_catchup_capped","frame_seconds":0.1}
2026-08-02T06:40:19.804 INFO     [pid=5555 thread=MainThread] BREADCRUMB {"event":"frame_catchup_capped","frame_seconds":0.1}
2026-08-02T06:40:20.489 INFO     [pid=5555 thread=MainThread] BREADCRUMB {"event":"frame_catchup_capped","frame_seconds":0.1}
2026-08-02T06:40:21.116 INFO     [pid=5555 thread=MainThread] BREADCRUMB {"event":"frame_catchup_capped","frame_seconds":0.1}
2026-08-02T06:40:21.775 INFO     [pid=5555 thread=MainThread] BREADCRUMB {"event":"frame_catchup_capped","frame_seconds":0.1}
2026-08-02T06:40:22.435 INFO     [pid=5555 thread=MainThread] BREADCRUMB {"event":"frame_catchup_capped","frame_seconds":0.1}
2026-08-02T06:40:23.160 INFO     [pid=5555 thread=MainThread] BREADCRUMB {"event":"frame_catchup_capped","frame_seconds":0.1}
2026-08-02T06:40:23.942 INFO     [pid=5555 thread=MainThread] BREADCRUMB {"event":"frame_catchup_capped","frame_seconds":0.1}
2026-08-02T06:40:24.675 INFO     [pid=5555 thread=MainThread] BREADCRUMB {"event":"frame_catchup_capped","frame_seconds":0.1}
2026-08-02T06:40:25.292 INFO     [pid=5555 thread=MainThread] BREADCRUMB {"event":"frame_catchup_capped","frame_seconds":0.1}
2026-08-02T06:40:25.895 INFO     [pid=5555 thread=MainThread] BREADCRUMB {"event":"frame_catchup_capped","frame_seconds":0.1}
2026-08-02T06:40:26.506 INFO     [pid=5555 thread=MainThread] BREADCRUMB {"event":"frame_catchup_capped","frame_seconds":0.1}
2026-08-02T06:40:27.123 INFO     [pid=5555 thread=MainThread] BREADCRUMB {"event":"frame_catchup_capped","frame_seconds":0.1}
2026-08-02T06:40:27.741 INFO     [pid=5555 thread=MainThread] BREADCRUMB {"event":"frame_catchup_capped","frame_seconds":0.1}
2026-08-02T06:40:28.336 INFO     [pid=5555 thread=MainThread] BREADCRUMB {"event":"frame_catchup_capped","frame_seconds":0.1}
2026-08-02T06:40:28.948 INFO     [pid=5555 thread=MainThread] BREADCRUMB {"event":"frame_catchup_capped","frame_seconds":0.1}
2026-08-02T06:40:29.641 INFO     [pid=5555 thread=MainThread] BREADCRUMB {"event":"frame_catchup_capped","frame_seconds":0.1}
2026-08-02T06:40:30.253 INFO     [pid=5555 thread=MainThread] BREADCRUMB {"event":"frame_catchup_capped","frame_seconds":0.1}
2026-08-02T06:40:30.889 INFO     [pid=5555 thread=MainThread] BREADCRUMB {"event":"frame_catchup_capped","frame_seconds":0.1}
2026-08-02T06:40:31.491 INFO     [pid=5555 thread=MainThread] BREADCRUMB {"event":"frame_catchup_capped","frame_seconds":0.1}
2026-08-02T06:40:32.104 INFO     [pid=5555 thread=MainThread] BREADCRUMB {"event":"frame_catchup_capped","frame_seconds":0.1}
2026-08-02T06:40:32.728 INFO     [pid=5555 thread=MainThread] BREADCRUMB {"event":"frame_catchup_capped","frame_seconds":0.1}
2026-08-02T06:40:33.336 INFO     [pid=5555 thread=MainThread] BREADCRUMB {"event":"frame_catchup_capped","frame_seconds":0.1}
2026-08-02T06:40:33.937 INFO     [pid=5555 thread=MainThread] BREADCRUMB {"event":"frame_catchup_capped","frame_seconds":0.1}
2026-08-02T06:40:34.551 INFO     [pid=5555 thread=MainThread] BREADCRUMB {"event":"frame_catchup_capped","frame_seconds":0.1}
2026-08-02T06:40:35.194 INFO     [pid=5555 thread=MainThread] BREADCRUMB {"event":"frame_catchup_capped","frame_seconds":0.1}
2026-08-02T06:40:35.904 INFO     [pid=5555 thread=MainThread] BREADCRUMB {"event":"frame_catchup_capped","frame_seconds":0.1}
2026-08-02T06:40:36.534 INFO     [pid=5555 thread=MainThread] BREADCRUMB {"event":"frame_catchup_capped","frame_seconds":0.1}
2026-08-02T06:40:37.207 INFO     [pid=5555 thread=MainThread] BREADCRUMB {"event":"frame_catchup_capped","frame_seconds":0.1}
2026-08-02T06:40:37.839 INFO     [pid=5555 thread=MainThread] BREADCRUMB {"event":"frame_catchup_capped","frame_seconds":0.1}
2026-08-02T06:40:38.437 INFO     [pid=5555 thread=MainThread] BREADCRUMB {"event":"frame_catchup_capped","frame_seconds":0.1}
2026-08-02T06:40:39.138 INFO     [pid=5555 thread=MainThread] BREADCRUMB {"event":"frame_catchup_capped","frame_seconds":0.1}
2026-08-02T06:40:39.864 INFO     [pid=5555 thread=MainThread] BREADCRUMB {"event":"frame_catchup_capped","frame_seconds":0.1}
2026-08-02T06:40:40.539 INFO     [pid=5555 thread=MainThread] BREADCRUMB {"event":"frame_catchup_capped","frame_seconds":0.1}
2026-08-02T06:40:41.167 INFO     [pid=5555 thread=MainThread] BREADCRUMB {"event":"frame_catchup_capped","frame_seconds":0.1}
2026-08-02T06:40:41.764 INFO     [pid=5555 thread=MainThread] BREADCRUMB {"event":"frame_catchup_capped","frame_seconds":0.1}
2026-08-02T06:40:42.363 INFO     [pid=5555 thread=MainThread] BREADCRUMB {"event":"frame_catchup_capped","frame_seconds":0.1}
2026-08-02T06:40:42.950 INFO     [pid=5555 thread=MainThread] BREADCRUMB {"event":"frame_catchup_capped","frame_seconds":0.1}
2026-08-02T06:40:43.615 INFO     [pid=5555 thread=MainThread] BREADCRUMB {"event":"frame_catchup_capped","frame_seconds":0.1}
2026-08-02T06:40:44.283 INFO     [pid=5555 thread=MainThread] BREADCRUMB {"event":"frame_catchup_capped","frame_seconds":0.1}
2026-08-02T06:40:44.923 INFO     [pid=5555 thread=MainThread] BREADCRUMB {"event":"frame_catchup_capped","frame_seconds":0.1}
2026-08-02T06:40:45.536 INFO     [pid=5555 thread=MainThread] BREADCRUMB {"event":"frame_catchup_capped","frame_seconds":0.1}
2026-08-02T06:40:46.188 INFO     [pid=5555 thread=MainThread] BREADCRUMB {"event":"frame_catchup_capped","frame_seconds":0.1}
2026-08-02T06:40:46.864 INFO     [pid=5555 thread=MainThread] BREADCRUMB {"event":"frame_catchup_capped","frame_seconds":0.1}
2026-08-02T06:40:47.543 INFO     [pid=5555 thread=MainThread] BREADCRUMB {"event":"frame_catchup_capped","frame_seconds":0.1}
2026-08-02T06:40:48.168 INFO     [pid=5555 thread=MainThread] BREADCRUMB {"event":"frame_catchup_capped","frame_seconds":0.1}
2026-08-02T06:40:48.760 INFO     [pid=5555 thread=MainThread] BREADCRUMB {"event":"frame_catchup_capped","frame_seconds":0.1}
2026-08-02T06:40:49.372 INFO     [pid=5555 thread=MainThread] BREADCRUMB {"event":"frame_catchup_capped","frame_seconds":0.1}
2026-08-02T06:40:50.005 INFO     [pid=5555 thread=MainThread] BREADCRUMB {"event":"frame_catchup_capped","frame_seconds":0.1}
2026-08-02T06:40:50.644 INFO     [pid=5555 thread=MainThread] BREADCRUMB {"event":"frame_catchup_capped","frame_seconds":0.1}
2026-08-02T06:40:51.266 INFO     [pid=5555 thread=MainThread] BREADCRUMB {"event":"frame_catchup_capped","frame_seconds":0.1}
2026-08-02T06:40:51.894 INFO     [pid=5555 thread=MainThread] BREADCRUMB {"event":"frame_catchup_capped","frame_seconds":0.1}
2026-08-02T06:40:52.609 INFO     [pid=5555 thread=MainThread] BREADCRUMB {"event":"frame_catchup_capped","frame_seconds":0.1}
2026-08-02T06:40:53.356 INFO     [pid=5555 thread=MainThread] BREADCRUMB {"event":"frame_catchup_capped","frame_seconds":0.1}
2026-08-02T06:40:54.038 INFO     [pid=5555 thread=MainThread] BREADCRUMB {"event":"frame_catchup_capped","frame_seconds":0.1}
2026-08-02T06:40:54.698 INFO     [pid=5555 thread=MainThread] BREADCRUMB {"event":"frame_catchup_capped","frame_seconds":0.1}
2026-08-02T06:40:55.308 INFO     [pid=5555 thread=MainThread] BREADCRUMB {"event":"frame_catchup_capped","frame_seconds":0.1}
2026-08-02T06:40:55.942 INFO     [pid=5555 thread=MainThread] BREADCRUMB {"event":"frame_catchup_capped","frame_seconds":0.1}
2026-08-02T06:40:56.577 INFO     [pid=5555 thread=MainThread] BREADCRUMB {"event":"frame_catchup_capped","frame_seconds":0.1}
2026-08-02T06:40:57.184 INFO     [pid=5555 thread=MainThread] BREADCRUMB {"event":"frame_catchup_capped","frame_seconds":0.1}
2026-08-02T06:40:57.838 INFO     [pid=5555 thread=MainThread] BREADCRUMB {"event":"frame_catchup_capped","frame_seconds":0.1}
2026-08-02T06:40:58.661 INFO     [pid=5555 thread=MainThread] BREADCRUMB {"event":"frame_catchup_capped","frame_seconds":0.1}
2026-08-02T06:40:59.325 INFO     [pid=5555 thread=MainThread] BREADCRUMB {"event":"frame_catchup_capped","frame_seconds":0.1}
2026-08-02T06:41:00.088 INFO     [pid=5555 thread=MainThread] BREADCRUMB {"event":"frame_catchup_capped","frame_seconds":0.1}
2026-08-02T06:41:00.801 INFO     [pid=5555 thread=MainThread] BREADCRUMB {"event":"frame_catchup_capped","frame_seconds":0.1}
2026-08-02T06:41:01.422 INFO     [pid=5555 thread=MainThread] BREADCRUMB {"event":"frame_catchup_capped","frame_seconds":0.1}
2026-08-02T06:41:02.057 INFO     [pid=5555 thread=MainThread] BREADCRUMB {"event":"frame_catchup_capped","frame_seconds":0.1}
2026-08-02T06:41:02.669 INFO     [pid=5555 thread=MainThread] BREADCRUMB {"event":"frame_catchup_capped","frame_seconds":0.1}
2026-08-02T06:41:03.373 INFO     [pid=5555 thread=MainThread] BREADCRUMB {"event":"frame_catchup_capped","frame_seconds":0.1}
2026-08-02T06:41:03.973 INFO     [pid=5555 thread=MainThread] BREADCRUMB {"event":"frame_catchup_capped","frame_seconds":0.1}
2026-08-02T06:41:04.601 INFO     [pid=5555 thread=MainThread] BREADCRUMB {"event":"frame_catchup_capped","frame_seconds":0.1}
2026-08-02T06:41:05.243 INFO     [pid=5555 thread=MainThread] BREADCRUMB {"event":"frame_catchup_capped","frame_seconds":0.1}
2026-08-02T06:41:05.848 INFO     [pid=5555 thread=MainThread] BREADCRUMB {"event":"frame_catchup_capped","frame_seconds":0.1}
2026-08-02T06:41:06.455 INFO     [pid=5555 thread=MainThread] BREADCRUMB {"event":"frame_catchup_capped","frame_seconds":0.1}
2026-08-02T06:41:07.089 INFO     [pid=5555 thread=MainThread] BREADCRUMB {"event":"frame_catchup_capped","frame_seconds":0.1}
2026-08-02T06:41:07.692 INFO     [pid=5555 thread=MainThread] BREADCRUMB {"event":"frame_catchup_capped","frame_seconds":0.1}
2026-08-02T06:41:08.310 INFO     [pid=5555 thread=MainThread] BREADCRUMB {"event":"frame_catchup_capped","frame_seconds":0.1}
2026-08-02T06:41:08.964 INFO     [pid=5555 thread=MainThread] BREADCRUMB {"event":"frame_catchup_capped","frame_seconds":0.1}
2026-08-02T06:41:09.598 INFO     [pid=5555 thread=MainThread] BREADCRUMB {"event":"frame_catchup_capped","frame_seconds":0.1}
2026-08-02T06:41:10.245 INFO     [pid=5555 thread=MainThread] BREADCRUMB {"event":"frame_catchup_capped","frame_seconds":0.1}
2026-08-02T06:41:10.875 INFO     [pid=5555 thread=MainThread] BREADCRUMB {"event":"frame_catchup_capped","frame_seconds":0.1}
2026-08-02T06:41:11.581 INFO     [pid=5555 thread=MainThread] BREADCRUMB {"event":"frame_catchup_capped","frame_seconds":0.1}
2026-08-02T06:41:12.268 INFO     [pid=5555 thread=MainThread] BREADCRUMB {"event":"frame_catchup_capped","frame_seconds":0.1}
2026-08-02T06:41:12.899 INFO     [pid=5555 thread=MainThread] BREADCRUMB {"event":"frame_catchup_capped","frame_seconds":0.1}
2026-08-02T06:41:13.722 INFO     [pid=5555 thread=MainThread] BREADCRUMB {"event":"frame_catchup_capped","frame_seconds":0.1}
2026-08-02T06:41:14.464 INFO     [pid=5555 thread=MainThread] BREADCRUMB {"event":"frame_catchup_capped","frame_seconds":0.1}
2026-08-02T06:41:15.230 INFO     [pid=5555 thread=MainThread] BREADCRUMB {"event":"frame_catchup_capped","frame_seconds":0.1}
2026-08-02T06:41:16.008 INFO     [pid=5555 thread=MainThread] BREADCRUMB {"event":"frame_catchup_capped","frame_seconds":0.1}
2026-08-02T06:41:16.660 INFO     [pid=5555 thread=MainThread] BREADCRUMB {"event":"frame_catchup_capped","frame_seconds":0.1}
2026-08-02T06:41:17.307 INFO     [pid=5555 thread=MainThread] BREADCRUMB {"event":"frame_catchup_capped","frame_seconds":0.1}
2026-08-02T06:41:17.953 INFO     [pid=5555 thread=MainThread] BREADCRUMB {"event":"frame_catchup_capped","frame_seconds":0.1}
2026-08-02T06:41:18.568 INFO     [pid=5555 thread=MainThread] BREADCRUMB {"event":"frame_catchup_capped","frame_seconds":0.1}
2026-08-02T06:41:19.209 INFO     [pid=5555 thread=MainThread] BREADCRUMB {"event":"frame_catchup_capped","frame_seconds":0.1}
2026-08-02T06:41:19.835 INFO     [pid=5555 thread=MainThread] BREADCRUMB {"event":"frame_catchup_capped","frame_seconds":0.1}
2026-08-02T06:41:20.499 INFO     [pid=5555 thread=MainThread] BREADCRUMB {"event":"frame_catchup_capped","frame_seconds":0.1}
2026-08-02T06:41:21.128 INFO     [pid=5555 thread=MainThread] BREADCRUMB {"event":"frame_catchup_capped","frame_seconds":0.1}
2026-08-02T06:41:21.764 INFO     [pid=5555 thread=MainThread] BREADCRUMB {"event":"frame_catchup_capped","frame_seconds":0.1}
2026-08-02T06:41:22.393 INFO     [pid=5555 thread=MainThread] BREADCRUMB {"event":"frame_catchup_capped","frame_seconds":0.1}
2026-08-02T06:41:23.007 INFO     [pid=5555 thread=MainThread] BREADCRUMB {"event":"frame_catchup_capped","frame_seconds":0.1}
2026-08-02T06:41:23.646 INFO     [pid=5555 thread=MainThread] BREADCRUMB {"event":"frame_catchup_capped","frame_seconds":0.1}
2026-08-02T06:41:24.267 INFO     [pid=5555 thread=MainThread] BREADCRUMB {"event":"frame_catchup_capped","frame_seconds":0.1}
2026-08-02T06:41:24.875 INFO     [pid=5555 thread=MainThread] BREADCRUMB {"event":"frame_catchup_capped","frame_seconds":0.1}
2026-08-02T06:41:25.467 INFO     [pid=5555 thread=MainThread] BREADCRUMB {"event":"frame_catchup_capped","frame_seconds":0.1}
2026-08-02T06:41:26.097 INFO     [pid=5555 thread=MainThread] BREADCRUMB {"event":"frame_catchup_capped","frame_seconds":0.1}
2026-08-02T06:41:26.702 INFO     [pid=5555 thread=MainThread] BREADCRUMB {"event":"frame_catchup_capped","frame_seconds":0.1}
2026-08-02T06:41:27.316 INFO     [pid=5555 thread=MainThread] BREADCRUMB {"event":"frame_catchup_capped","frame_seconds":0.1}
2026-08-02T06:41:27.951 INFO     [pid=5555 thread=MainThread] BREADCRUMB {"event":"frame_catchup_capped","frame_seconds":0.1}
2026-08-02T06:41:28.634 INFO     [pid=5555 thread=MainThread] BREADCRUMB {"event":"frame_catchup_capped","frame_seconds":0.1}
2026-08-02T06:41:29.325 INFO     [pid=5555 thread=MainThread] BREADCRUMB {"event":"frame_catchup_capped","frame_seconds":0.1}
2026-08-02T06:41:30.033 INFO     [pid=5555 thread=MainThread] BREADCRUMB {"event":"frame_catchup_capped","frame_seconds":0.1}
2026-08-02T06:41:30.694 INFO     [pid=5555 thread=MainThread] BREADCRUMB {"event":"frame_catchup_capped","frame_seconds":0.1}
2026-08-02T06:41:31.295 INFO     [pid=5555 thread=MainThread] BREADCRUMB {"event":"frame_catchup_capped","frame_seconds":0.1}
2026-08-02T06:41:31.926 INFO     [pid=5555 thread=MainThread] BREADCRUMB {"event":"frame_catchup_capped","frame_seconds":0.1}
2026-08-02T06:41:32.543 INFO     [pid=5555 thread=MainThread] BREADCRUMB {"event":"frame_catchup_capped","frame_seconds":0.1}
2026-08-02T06:41:33.133 INFO     [pid=5555 thread=MainThread] BREADCRUMB {"event":"frame_catchup_capped","frame_seconds":0.1}
2026-08-02T06:41:33.722 INFO     [pid=5555 thread=MainThread] BREADCRUMB {"event":"frame_catchup_capped","frame_seconds":0.1}
2026-08-02T06:41:34.351 INFO     [pid=5555 thread=MainThread] BREADCRUMB {"event":"frame_catchup_capped","frame_seconds":0.1}
2026-08-02T06:41:34.960 INFO     [pid=5555 thread=MainThread] BREADCRUMB {"event":"frame_catchup_capped","frame_seconds":0.1}
2026-08-02T06:41:35.564 INFO     [pid=5555 thread=MainThread] BREADCRUMB {"event":"frame_catchup_capped","frame_seconds":0.1}
2026-08-02T06:41:36.200 INFO     [pid=5555 thread=MainThread] BREADCRUMB {"event":"frame_catchup_capped","frame_seconds":0.1}
2026-08-02T06:41:36.829 INFO     [pid=5555 thread=MainThread] BREADCRUMB {"event":"frame_catchup_capped","frame_seconds":0.1}
2026-08-02T06:41:37.445 INFO     [pid=5555 thread=MainThread] BREADCRUMB {"event":"frame_catchup_capped","frame_seconds":0.1}
2026-08-02T06:41:38.170 INFO     [pid=5555 thread=MainThread] BREADCRUMB {"event":"frame_catchup_capped","frame_seconds":0.1}
2026-08-02T06:41:38.893 INFO     [pid=5555 thread=MainThread] BREADCRUMB {"event":"frame_catchup_capped","frame_seconds":0.1}
2026-08-02T06:41:39.612 INFO     [pid=5555 thread=MainThread] BREADCRUMB {"event":"frame_catchup_capped","frame_seconds":0.1}
2026-08-02T06:41:40.276 INFO     [pid=5555 thread=MainThread] BREADCRUMB {"event":"frame_catchup_capped","frame_seconds":0.1}
2026-08-02T06:41:40.884 INFO     [pid=5555 thread=MainThread] BREADCRUMB {"event":"frame_catchup_capped","frame_seconds":0.1}
2026-08-02T06:41:41.506 INFO     [pid=5555 thread=MainThread] BREADCRUMB {"event":"frame_catchup_capped","frame_seconds":0.1}
2026-08-02T06:41:42.191 INFO     [pid=5555 thread=MainThread] BREADCRUMB {"event":"frame_catchup_capped","frame_seconds":0.1}
2026-08-02T06:41:42.840 INFO     [pid=5555 thread=MainThread] BREADCRUMB {"event":"frame_catchup_capped","frame_seconds":0.1}
2026-08-02T06:41:43.561 INFO     [pid=5555 thread=MainThread] BREADCRUMB {"event":"frame_catchup_capped","frame_seconds":0.1}
2026-08-02T06:41:44.277 INFO     [pid=5555 thread=MainThread] BREADCRUMB {"event":"frame_catchup_capped","frame_seconds":0.1}
2026-08-02T06:41:44.956 INFO     [pid=5555 thread=MainThread] BREADCRUMB {"event":"frame_catchup_capped","frame_seconds":0.1}
2026-08-02T06:41:45.612 INFO     [pid=5555 thread=MainThread] BREADCRUMB {"event":"frame_catchup_capped","frame_seconds":0.1}
2026-08-02T06:41:46.225 INFO     [pid=5555 thread=MainThread] BREADCRUMB {"event":"frame_catchup_capped","frame_seconds":0.1}
2026-08-02T06:41:46.836 INFO     [pid=5555 thread=MainThread] BREADCRUMB {"event":"frame_catchup_capped","frame_seconds":0.1}
2026-08-02T06:41:47.444 INFO     [pid=5555 thread=MainThread] BREADCRUMB {"event":"frame_catchup_capped","frame_seconds":0.1}
2026-08-02T06:41:48.053 INFO     [pid=5555 thread=MainThread] BREADCRUMB {"event":"frame_catchup_capped","frame_seconds":0.1}
2026-08-02T06:41:48.661 INFO     [pid=5555 thread=MainThread] BREADCRUMB {"event":"frame_catchup_capped","frame_seconds":0.1}
2026-08-02T06:41:49.271 INFO     [pid=5555 thread=MainThread] BREADCRUMB {"event":"frame_catchup_capped","frame_seconds":0.1}
2026-08-02T06:41:50.036 INFO     [pid=5555 thread=MainThread] BREADCRUMB {"event":"frame_catchup_capped","frame_seconds":0.1}
2026-08-02T06:41:50.767 INFO     [pid=5555 thread=MainThread] BREADCRUMB {"event":"frame_catchup_capped","frame_seconds":0.1}
2026-08-02T06:41:51.526 INFO     [pid=5555 thread=MainThread] BREADCRUMB {"event":"frame_catchup_capped","frame_seconds":0.1}
2026-08-02T06:41:52.140 INFO     [pid=5555 thread=MainThread] BREADCRUMB {"event":"frame_catchup_capped","frame_seconds":0.1}
2026-08-02T06:41:52.748 INFO     [pid=5555 thread=MainThread] BREADCRUMB {"event":"frame_catchup_capped","frame_seconds":0.1}
2026-08-02T06:41:53.379 INFO     [pid=5555 thread=MainThread] BREADCRUMB {"event":"frame_catchup_capped","frame_seconds":0.1}
2026-08-02T06:41:54.009 INFO     [pid=5555 thread=MainThread] BREADCRUMB {"event":"frame_catchup_capped","frame_seconds":0.1}
2026-08-02T06:41:54.608 INFO     [pid=5555 thread=MainThread] BREADCRUMB {"event":"frame_catchup_capped","frame_seconds":0.1}
2026-08-02T06:41:55.206 INFO     [pid=5555 thread=MainThread] BREADCRUMB {"event":"frame_catchup_capped","frame_seconds":0.1}
2026-08-02T06:41:55.839 INFO     [pid=5555 thread=MainThread] BREADCRUMB {"event":"frame_catchup_capped","frame_seconds":0.1}
2026-08-02T06:41:56.436 INFO     [pid=5555 thread=MainThread] BREADCRUMB {"event":"frame_catchup_capped","frame_seconds":0.1}
2026-08-02T06:41:57.076 INFO     [pid=5555 thread=MainThread] BREADCRUMB {"event":"frame_catchup_capped","frame_seconds":0.1}
2026-08-02T06:41:57.705 INFO     [pid=5555 thread=MainThread] BREADCRUMB {"event":"frame_catchup_capped","frame_seconds":0.1}
2026-08-02T06:41:58.301 INFO     [pid=5555 thread=MainThread] BREADCRUMB {"event":"frame_catchup_capped","frame_seconds":0.1}
2026-08-02T06:41:58.912 INFO     [pid=5555 thread=MainThread] BREADCRUMB {"event":"frame_catchup_capped","frame_seconds":0.1}
2026-08-02T06:41:59.558 INFO     [pid=5555 thread=MainThread] BREADCRUMB {"event":"frame_catchup_capped","frame_seconds":0.1}
2026-08-02T06:42:00.170 INFO     [pid=5555 thread=MainThread] BREADCRUMB {"event":"frame_catchup_capped","frame_seconds":0.1}
2026-08-02T06:42:00.816 INFO     [pid=5555 thread=MainThread] BREADCRUMB {"event":"frame_catchup_capped","frame_seconds":0.1}
2026-08-02T06:42:01.441 INFO     [pid=5555 thread=MainThread] BREADCRUMB {"event":"frame_catchup_capped","frame_seconds":0.1}
2026-08-02T06:42:02.070 INFO     [pid=5555 thread=MainThread] BREADCRUMB {"event":"frame_catchup_capped","frame_seconds":0.1}
2026-08-02T06:42:02.711 INFO     [pid=5555 thread=MainThread] BREADCRUMB {"event":"frame_catchup_capped","frame_seconds":0.1}
2026-08-02T06:42:03.442 INFO     [pid=5555 thread=MainThread] BREADCRUMB {"event":"frame_catchup_capped","frame_seconds":0.1}
2026-08-02T06:42:04.110 INFO     [pid=5555 thread=MainThread] BREADCRUMB {"event":"frame_catchup_capped","frame_seconds":0.1}
2026-08-02T06:42:04.748 INFO     [pid=5555 thread=MainThread] BREADCRUMB {"event":"frame_catchup_capped","frame_seconds":0.1}
2026-08-02T06:42:05.363 INFO     [pid=5555 thread=MainThread] BREADCRUMB {"event":"frame_catchup_capped","frame_seconds":0.1}
2026-08-02T06:42:06.114 INFO     [pid=5555 thread=MainThread] BREADCRUMB {"event":"frame_catchup_capped","frame_seconds":0.1}
2026-08-02T06:42:06.709 INFO     [pid=5555 thread=MainThread] BREADCRUMB {"event":"frame_catchup_capped","frame_seconds":0.1}
2026-08-02T06:42:07.307 INFO     [pid=5555 thread=MainThread] BREADCRUMB {"event":"frame_catchup_capped","frame_seconds":0.1}
2026-08-02T06:42:08.018 INFO     [pid=5555 thread=MainThread] BREADCRUMB {"event":"frame_catchup_capped","frame_seconds":0.1}
2026-08-02T06:42:08.634 INFO     [pid=5555 thread=MainThread] BREADCRUMB {"event":"frame_catchup_capped","frame_seconds":0.1}
2026-08-02T06:42:09.350 INFO     [pid=5555 thread=MainThread] BREADCRUMB {"event":"frame_catchup_capped","frame_seconds":0.1}
2026-08-02T06:42:10.063 INFO     [pid=5555 thread=MainThread] BREADCRUMB {"event":"frame_catchup_capped","frame_seconds":0.1}
2026-08-02T06:42:10.787 INFO     [pid=5555 thread=MainThread] BREADCRUMB {"event":"frame_catchup_capped","frame_seconds":0.1}
2026-08-02T06:42:11.471 INFO     [pid=5555 thread=MainThread] BREADCRUMB {"event":"frame_catchup_capped","frame_seconds":0.1}
2026-08-02T06:42:12.094 INFO     [pid=5555 thread=MainThread] BREADCRUMB {"event":"frame_catchup_capped","frame_seconds":0.1}
2026-08-02T06:42:12.808 INFO     [pid=5555 thread=MainThread] BREADCRUMB {"event":"frame_catchup_capped","frame_seconds":0.1}
2026-08-02T06:42:13.441 INFO     [pid=5555 thread=MainThread] BREADCRUMB {"event":"frame_catchup_capped","frame_seconds":0.1}
2026-08-02T06:42:14.126 INFO     [pid=5555 thread=MainThread] BREADCRUMB {"event":"frame_catchup_capped","frame_seconds":0.1}
2026-08-02T06:42:14.784 INFO     [pid=5555 thread=MainThread] BREADCRUMB {"event":"frame_catchup_capped","frame_seconds":0.1}
2026-08-02T06:42:15.392 INFO     [pid=5555 thread=MainThread] BREADCRUMB {"event":"frame_catchup_capped","frame_seconds":0.1}
2026-08-02T06:42:16.028 INFO     [pid=5555 thread=MainThread] BREADCRUMB {"event":"frame_catchup_capped","frame_seconds":0.1}
2026-08-02T06:42:16.721 INFO     [pid=5555 thread=MainThread] BREADCRUMB {"event":"frame_catchup_capped","frame_seconds":0.1}
2026-08-02T06:42:17.365 INFO     [pid=5555 thread=MainThread] BREADCRUMB {"event":"frame_catchup_capped","frame_seconds":0.1}
2026-08-02T06:42:18.027 INFO     [pid=5555 thread=MainThread] BREADCRUMB {"event":"frame_catchup_capped","frame_seconds":0.1}
2026-08-02T06:42:18.777 INFO     [pid=5555 thread=MainThread] BREADCRUMB {"event":"frame_catchup_capped","frame_seconds":0.1}
2026-08-02T06:42:19.416 INFO     [pid=5555 thread=MainThread] BREADCRUMB {"event":"frame_catchup_capped","frame_seconds":0.1}
2026-08-02T06:42:20.023 INFO     [pid=5555 thread=MainThread] BREADCRUMB {"event":"frame_catchup_capped","frame_seconds":0.1}
2026-08-02T06:42:20.657 INFO     [pid=5555 thread=MainThread] BREADCRUMB {"event":"frame_catchup_capped","frame_seconds":0.1}
2026-08-02T06:42:21.435 INFO     [pid=5555 thread=MainThread] BREADCRUMB {"event":"frame_catchup_capped","frame_seconds":0.1}
2026-08-02T06:42:22.090 INFO     [pid=5555 thread=MainThread] BREADCRUMB {"event":"frame_catchup_capped","frame_seconds":0.1}
2026-08-02T06:42:22.741 INFO     [pid=5555 thread=MainThread] BREADCRUMB {"event":"frame_catchup_capped","frame_seconds":0.1}
2026-08-02T06:42:23.375 INFO     [pid=5555 thread=MainThread] BREADCRUMB {"event":"frame_catchup_capped","frame_seconds":0.1}
2026-08-02T06:42:23.980 INFO     [pid=5555 thread=MainThread] BREADCRUMB {"event":"frame_catchup_capped","frame_seconds":0.1}
2026-08-02T06:42:24.591 INFO     [pid=5555 thread=MainThread] BREADCRUMB {"event":"frame_catchup_capped","frame_seconds":0.1}
2026-08-02T06:42:25.223 INFO     [pid=5555 thread=MainThread] BREADCRUMB {"event":"frame_catchup_capped","frame_seconds":0.1}
2026-08-02T06:42:25.827 INFO     [pid=5555 thread=MainThread] BREADCRUMB {"event":"frame_catchup_capped","frame_seconds":0.1}
2026-08-02T06:42:26.452 INFO     [pid=5555 thread=MainThread] BREADCRUMB {"event":"frame_catchup_capped","frame_seconds":0.1}
2026-08-02T06:42:27.101 INFO     [pid=5555 thread=MainThread] BREADCRUMB {"event":"frame_catchup_capped","frame_seconds":0.1}
2026-08-02T06:42:27.723 INFO     [pid=5555 thread=MainThread] BREADCRUMB {"event":"frame_catchup_capped","frame_seconds":0.1}
2026-08-02T06:42:28.332 INFO     [pid=5555 thread=MainThread] BREADCRUMB {"event":"frame_catchup_capped","frame_seconds":0.1}
2026-08-02T06:42:28.953 INFO     [pid=5555 thread=MainThread] BREADCRUMB {"event":"frame_catchup_capped","frame_seconds":0.1}
2026-08-02T06:42:29.612 INFO     [pid=5555 thread=MainThread] BREADCRUMB {"event":"frame_catchup_capped","frame_seconds":0.1}
2026-08-02T06:42:30.417 INFO     [pid=5555 thread=MainThread] BREADCRUMB {"event":"frame_catchup_capped","frame_seconds":0.1}
2026-08-02T06:42:31.158 INFO     [pid=5555 thread=MainThread] BREADCRUMB {"event":"frame_catchup_capped","frame_seconds":0.1}
2026-08-02T06:42:31.851 INFO     [pid=5555 thread=MainThread] BREADCRUMB {"event":"frame_catchup_capped","frame_seconds":0.1}
2026-08-02T06:42:32.456 INFO     [pid=5555 thread=MainThread] BREADCRUMB {"event":"frame_catchup_capped","frame_seconds":0.1}
2026-08-02T06:42:33.171 INFO     [pid=5555 thread=MainThread] BREADCRUMB {"event":"frame_catchup_capped","frame_seconds":0.1}
2026-08-02T06:42:33.872 INFO     [pid=5555 thread=MainThread] BREADCRUMB {"event":"frame_catchup_capped","frame_seconds":0.1}
2026-08-02T06:42:34.576 INFO     [pid=5555 thread=MainThread] BREADCRUMB {"event":"frame_catchup_capped","frame_seconds":0.1}
2026-08-02T06:42:35.201 INFO     [pid=5555 thread=MainThread] BREADCRUMB {"event":"frame_catchup_capped","frame_seconds":0.1}
2026-08-02T06:42:35.828 INFO     [pid=5555 thread=MainThread] BREADCRUMB {"event":"frame_catchup_capped","frame_seconds":0.1}
2026-08-02T06:42:36.459 INFO     [pid=5555 thread=MainThread] BREADCRUMB {"event":"frame_catchup_capped","frame_seconds":0.1}
2026-08-02T06:42:37.079 INFO     [pid=5555 thread=MainThread] BREADCRUMB {"event":"frame_catchup_capped","frame_seconds":0.1}
2026-08-02T06:42:37.704 INFO     [pid=5555 thread=MainThread] BREADCRUMB {"event":"frame_catchup_capped","frame_seconds":0.1}
2026-08-02T06:42:38.319 INFO     [pid=5555 thread=MainThread] BREADCRUMB {"event":"frame_catchup_capped","frame_seconds":0.1}
2026-08-02T06:42:38.916 INFO     [pid=5555 thread=MainThread] BREADCRUMB {"event":"frame_catchup_capped","frame_seconds":0.1}
2026-08-02T06:42:39.544 INFO     [pid=5555 thread=MainThread] BREADCRUMB {"event":"frame_catchup_capped","frame_seconds":0.1}
2026-08-02T06:42:40.163 INFO     [pid=5555 thread=MainThread] BREADCRUMB {"event":"frame_catchup_capped","frame_seconds":0.1}
2026-08-02T06:42:40.749 INFO     [pid=5555 thread=MainThread] BREADCRUMB {"event":"frame_catchup_capped","frame_seconds":0.1}
2026-08-02T06:42:41.356 INFO     [pid=5555 thread=MainThread] BREADCRUMB {"event":"frame_catchup_capped","frame_seconds":0.1}
2026-08-02T06:42:41.991 INFO     [pid=5555 thread=MainThread] BREADCRUMB {"event":"frame_catchup_capped","frame_seconds":0.1}
2026-08-02T06:42:42.609 INFO     [pid=5555 thread=MainThread] BREADCRUMB {"event":"frame_catchup_capped","frame_seconds":0.1}
2026-08-02T06:42:43.236 INFO     [pid=5555 thread=MainThread] BREADCRUMB {"event":"frame_catchup_capped","frame_seconds":0.1}
2026-08-02T06:42:43.918 INFO     [pid=5555 thread=MainThread] BREADCRUMB {"event":"frame_catchup_capped","frame_seconds":0.1}
2026-08-02T06:42:44.595 INFO     [pid=5555 thread=MainThread] BREADCRUMB {"event":"frame_catchup_capped","frame_seconds":0.1}
2026-08-02T06:42:45.199 INFO     [pid=5555 thread=MainThread] BREADCRUMB {"event":"frame_catchup_capped","frame_seconds":0.1}
2026-08-02T06:42:45.816 INFO     [pid=5555 thread=MainThread] BREADCRUMB {"event":"frame_catchup_capped","frame_seconds":0.1}
2026-08-02T06:42:46.564 INFO     [pid=5555 thread=MainThread] BREADCRUMB {"event":"frame_catchup_capped","frame_seconds":0.1}
2026-08-02T06:42:47.153 INFO     [pid=5555 thread=MainThread] BREADCRUMB {"event":"frame_catchup_capped","frame_seconds":0.1}
2026-08-02T06:42:47.771 INFO     [pid=5555 thread=MainThread] BREADCRUMB {"event":"frame_catchup_capped","frame_seconds":0.1}
2026-08-02T06:42:48.427 INFO     [pid=5555 thread=MainThread] BREADCRUMB {"event":"frame_catchup_capped","frame_seconds":0.1}
2026-08-02T06:42:49.114 INFO     [pid=5555 thread=MainThread] BREADCRUMB {"event":"frame_catchup_capped","frame_seconds":0.1}
2026-08-02T06:42:49.784 INFO     [pid=5555 thread=MainThread] BREADCRUMB {"event":"frame_catchup_capped","frame_seconds":0.1}
2026-08-02T06:42:50.511 INFO     [pid=5555 thread=MainThread] BREADCRUMB {"event":"frame_catchup_capped","frame_seconds":0.1}
2026-08-02T06:42:51.105 INFO     [pid=5555 thread=MainThread] BREADCRUMB {"event":"frame_catchup_capped","frame_seconds":0.1}
2026-08-02T06:42:51.832 INFO     [pid=5555 thread=MainThread] BREADCRUMB {"event":"frame_catchup_capped","frame_seconds":0.1}
2026-08-02T06:42:52.538 INFO     [pid=5555 thread=MainThread] BREADCRUMB {"event":"frame_catchup_capped","frame_seconds":0.1}
2026-08-02T06:42:53.238 INFO     [pid=5555 thread=MainThread] BREADCRUMB {"event":"frame_catchup_capped","frame_seconds":0.1}
2026-08-02T06:42:53.871 INFO     [pid=5555 thread=MainThread] BREADCRUMB {"event":"frame_catchup_capped","frame_seconds":0.1}
2026-08-02T06:42:54.528 INFO     [pid=5555 thread=MainThread] BREADCRUMB {"event":"frame_catchup_capped","frame_seconds":0.1}
2026-08-02T06:42:55.151 INFO     [pid=5555 thread=MainThread] BREADCRUMB {"event":"frame_catchup_capped","frame_seconds":0.1}
2026-08-02T06:42:55.772 INFO     [pid=5555 thread=MainThread] BREADCRUMB {"event":"frame_catchup_capped","frame_seconds":0.1}
2026-08-02T06:42:56.395 INFO     [pid=5555 thread=MainThread] BREADCRUMB {"event":"frame_catchup_capped","frame_seconds":0.1}
2026-08-02T06:42:57.021 INFO     [pid=5555 thread=MainThread] BREADCRUMB {"event":"frame_catchup_capped","frame_seconds":0.1}
2026-08-02T06:42:57.615 INFO     [pid=5555 thread=MainThread] BREADCRUMB {"event":"frame_catchup_capped","frame_seconds":0.1}
2026-08-02T06:42:58.380 INFO     [pid=5555 thread=MainThread] BREADCRUMB {"event":"frame_catchup_capped","frame_seconds":0.1}
2026-08-02T06:42:59.001 INFO     [pid=5555 thread=MainThread] BREADCRUMB {"event":"frame_catchup_capped","frame_seconds":0.1}
2026-08-02T06:42:59.631 INFO     [pid=5555 thread=MainThread] BREADCRUMB {"event":"frame_catchup_capped","frame_seconds":0.1}
2026-08-02T06:43:00.404 INFO     [pid=5555 thread=MainThread] BREADCRUMB {"event":"frame_catchup_capped","frame_seconds":0.1}
2026-08-02T06:43:01.147 INFO     [pid=5555 thread=MainThread] BREADCRUMB {"event":"frame_catchup_capped","frame_seconds":0.1}
2026-08-02T06:43:01.819 INFO     [pid=5555 thread=MainThread] BREADCRUMB {"event":"frame_catchup_capped","frame_seconds":0.1}
2026-08-02T06:43:02.451 INFO     [pid=5555 thread=MainThread] BREADCRUMB {"event":"frame_catchup_capped","frame_seconds":0.1}
2026-08-02T06:43:03.089 INFO     [pid=5555 thread=MainThread] BREADCRUMB {"event":"frame_catchup_capped","frame_seconds":0.1}
2026-08-02T06:43:03.718 INFO     [pid=5555 thread=MainThread] BREADCRUMB {"event":"frame_catchup_capped","frame_seconds":0.1}
2026-08-02T06:43:04.318 INFO     [pid=5555 thread=MainThread] BREADCRUMB {"event":"frame_catchup_capped","frame_seconds":0.1}
2026-08-02T06:43:04.902 INFO     [pid=5555 thread=MainThread] BREADCRUMB {"event":"frame_catchup_capped","frame_seconds":0.1}
2026-08-02T06:43:05.540 INFO     [pid=5555 thread=MainThread] BREADCRUMB {"event":"frame_catchup_capped","frame_seconds":0.1}
2026-08-02T06:43:06.139 INFO     [pid=5555 thread=MainThread] BREADCRUMB {"event":"frame_catchup_capped","frame_seconds":0.1}
2026-08-02T06:43:06.715 INFO     [pid=5555 thread=MainThread] BREADCRUMB {"event":"frame_catchup_capped","frame_seconds":0.1}
2026-08-02T06:43:07.338 INFO     [pid=5555 thread=MainThread] BREADCRUMB {"event":"frame_catchup_capped","frame_seconds":0.1}
2026-08-02T06:43:07.984 INFO     [pid=5555 thread=MainThread] BREADCRUMB {"event":"frame_catchup_capped","frame_seconds":0.1}
2026-08-02T06:43:08.903 INFO     [pid=5555 thread=MainThread] BREADCRUMB {"event":"frame_catchup_capped","frame_seconds":0.1}
2026-08-02T06:43:09.908 INFO     [pid=5555 thread=MainThread] BREADCRUMB {"event":"frame_catchup_capped","frame_seconds":0.1}
2026-08-02T06:43:10.943 INFO     [pid=5555 thread=MainThread] BREADCRUMB {"event":"frame_catchup_capped","frame_seconds":0.1}
2026-08-02T06:43:11.858 INFO     [pid=5555 thread=MainThread] BREADCRUMB {"event":"frame_catchup_capped","frame_seconds":0.1}
2026-08-02T06:43:13.268 INFO     [pid=5555 thread=MainThread] BREADCRUMB {"event":"frame_catchup_capped","frame_seconds":0.1}
2026-08-02T06:43:14.601 INFO     [pid=5555 thread=MainThread] BREADCRUMB {"event":"frame_catchup_capped","frame_seconds":0.1}
2026-08-02T06:43:15.994 INFO     [pid=5555 thread=MainThread] BREADCRUMB {"event":"frame_catchup_capped","frame_seconds":0.1}
2026-08-02T06:43:17.199 INFO     [pid=5555 thread=MainThread] BREADCRUMB {"event":"frame_catchup_capped","frame_seconds":0.1}
2026-08-02T06:43:18.764 INFO     [pid=5555 thread=MainThread] BREADCRUMB {"event":"frame_catchup_capped","frame_seconds":0.1}
2026-08-02T06:43:19.859 INFO     [pid=5555 thread=MainThread] BREADCRUMB {"event":"frame_catchup_capped","frame_seconds":0.1}
2026-08-02T06:43:20.896 INFO     [pid=5555 thread=MainThread] BREADCRUMB {"event":"frame_catchup_capped","frame_seconds":0.1}
2026-08-02T06:43:22.153 INFO     [pid=5555 thread=MainThread] BREADCRUMB {"event":"frame_catchup_capped","frame_seconds":0.1}
2026-08-02T06:43:23.376 INFO     [pid=5555 thread=MainThread] BREADCRUMB {"event":"frame_catchup_capped","frame_seconds":0.1}
2026-08-02T06:43:24.591 INFO     [pid=5555 thread=MainThread] BREADCRUMB {"event":"frame_catchup_capped","frame_seconds":0.1}
2026-08-02T06:43:25.816 INFO     [pid=5555 thread=MainThread] BREADCRUMB {"event":"frame_catchup_capped","frame_seconds":0.1}
2026-08-02T06:43:26.547 INFO     [pid=5555 thread=MainThread] BREADCRUMB {"event":"frame_catchup_capped","frame_seconds":0.1}
2026-08-02T06:43:27.149 INFO     [pid=5555 thread=MainThread] BREADCRUMB {"event":"frame_catchup_capped","frame_seconds":0.1}
2026-08-02T06:43:27.773 INFO     [pid=5555 thread=MainThread] BREADCRUMB {"event":"frame_catchup_capped","frame_seconds":0.1}
2026-08-02T06:43:28.366 INFO     [pid=5555 thread=MainThread] BREADCRUMB {"event":"frame_catchup_capped","frame_seconds":0.1}
2026-08-02T06:43:29.053 INFO     [pid=5555 thread=MainThread] BREADCRUMB {"event":"frame_catchup_capped","frame_seconds":0.1}
2026-08-02T06:43:29.761 INFO     [pid=5555 thread=MainThread] BREADCRUMB {"event":"frame_catchup_capped","frame_seconds":0.1}
2026-08-02T06:43:30.439 INFO     [pid=5555 thread=MainThread] BREADCRUMB {"event":"frame_catchup_capped","frame_seconds":0.1}
2026-08-02T06:43:31.055 INFO     [pid=5555 thread=MainThread] BREADCRUMB {"event":"frame_catchup_capped","frame_seconds":0.1}
2026-08-02T06:43:31.673 INFO     [pid=5555 thread=MainThread] BREADCRUMB {"event":"frame_catchup_capped","frame_seconds":0.1}
2026-08-02T06:43:32.334 INFO     [pid=5555 thread=MainThread] BREADCRUMB {"event":"frame_catchup_capped","frame_seconds":0.1}
2026-08-02T06:43:33.009 INFO     [pid=5555 thread=MainThread] BREADCRUMB {"event":"frame_catchup_capped","frame_seconds":0.1}
2026-08-02T06:43:33.678 INFO     [pid=5555 thread=MainThread] BREADCRUMB {"event":"frame_catchup_capped","frame_seconds":0.1}
2026-08-02T06:43:34.308 INFO     [pid=5555 thread=MainThread] BREADCRUMB {"event":"frame_catchup_capped","frame_seconds":0.1}
2026-08-02T06:43:34.895 INFO     [pid=5555 thread=MainThread] BREADCRUMB {"event":"frame_catchup_capped","frame_seconds":0.1}
2026-08-02T06:43:35.485 INFO     [pid=5555 thread=MainThread] BREADCRUMB {"event":"frame_catchup_capped","frame_seconds":0.1}
2026-08-02T06:43:36.136 INFO     [pid=5555 thread=MainThread] BREADCRUMB {"event":"frame_catchup_capped","frame_seconds":0.1}
2026-08-02T06:43:36.833 INFO     [pid=5555 thread=MainThread] BREADCRUMB {"event":"frame_catchup_capped","frame_seconds":0.1}
2026-08-02T06:43:37.525 INFO     [pid=5555 thread=MainThread] BREADCRUMB {"event":"frame_catchup_capped","frame_seconds":0.1}
2026-08-02T06:43:38.139 INFO     [pid=5555 thread=MainThread] BREADCRUMB {"event":"frame_catchup_capped","frame_seconds":0.1}
2026-08-02T06:43:38.772 INFO     [pid=5555 thread=MainThread] BREADCRUMB {"event":"frame_catchup_capped","frame_seconds":0.1}
2026-08-02T06:43:39.372 INFO     [pid=5555 thread=MainThread] BREADCRUMB {"event":"frame_catchup_capped","frame_seconds":0.1}
2026-08-02T06:43:40.015 INFO     [pid=5555 thread=MainThread] BREADCRUMB {"event":"frame_catchup_capped","frame_seconds":0.1}
2026-08-02T06:43:40.639 INFO     [pid=5555 thread=MainThread] BREADCRUMB {"event":"frame_catchup_capped","frame_seconds":0.1}
2026-08-02T06:43:41.217 INFO     [pid=5555 thread=MainThread] BREADCRUMB {"event":"frame_catchup_capped","frame_seconds":0.1}
2026-08-02T06:43:41.846 INFO     [pid=5555 thread=MainThread] BREADCRUMB {"event":"frame_catchup_capped","frame_seconds":0.1}
2026-08-02T06:43:42.539 INFO     [pid=5555 thread=MainThread] BREADCRUMB {"event":"frame_catchup_capped","frame_seconds":0.1}
2026-08-02T06:43:43.205 INFO     [pid=5555 thread=MainThread] BREADCRUMB {"event":"frame_catchup_capped","frame_seconds":0.1}
2026-08-02T06:43:43.901 INFO     [pid=5555 thread=MainThread] BREADCRUMB {"event":"frame_catchup_capped","frame_seconds":0.1}
2026-08-02T06:43:44.609 INFO     [pid=5555 thread=MainThread] BREADCRUMB {"event":"frame_catchup_capped","frame_seconds":0.1}
2026-08-02T06:43:45.289 INFO     [pid=5555 thread=MainThread] BREADCRUMB {"event":"frame_catchup_capped","frame_seconds":0.1}
2026-08-02T06:43:45.926 INFO     [pid=5555 thread=MainThread] BREADCRUMB {"event":"frame_catchup_capped","frame_seconds":0.1}
2026-08-02T06:43:46.527 INFO     [pid=5555 thread=MainThread] BREADCRUMB {"event":"frame_catchup_capped","frame_seconds":0.1}
2026-08-02T06:43:47.175 INFO     [pid=5555 thread=MainThread] BREADCRUMB {"event":"frame_catchup_capped","frame_seconds":0.1}
2026-08-02T06:43:47.783 INFO     [pid=5555 thread=MainThread] BREADCRUMB {"event":"frame_catchup_capped","frame_seconds":0.1}
2026-08-02T06:43:48.400 INFO     [pid=5555 thread=MainThread] BREADCRUMB {"event":"frame_catchup_capped","frame_seconds":0.1}
2026-08-02T06:43:49.032 INFO     [pid=5555 thread=MainThread] BREADCRUMB {"event":"frame_catchup_capped","frame_seconds":0.1}
2026-08-02T06:43:49.754 INFO     [pid=5555 thread=MainThread] BREADCRUMB {"event":"frame_catchup_capped","frame_seconds":0.1}
2026-08-02T06:43:50.404 INFO     [pid=5555 thread=MainThread] BREADCRUMB {"event":"frame_catchup_capped","frame_seconds":0.1}
2026-08-02T06:43:51.205 INFO     [pid=5555 thread=MainThread] BREADCRUMB {"event":"frame_catchup_capped","frame_seconds":0.1}
2026-08-02T06:43:51.864 INFO     [pid=5555 thread=MainThread] BREADCRUMB {"event":"frame_catchup_capped","frame_seconds":0.1}
2026-08-02T06:43:52.492 INFO     [pid=5555 thread=MainThread] BREADCRUMB {"event":"frame_catchup_capped","frame_seconds":0.1}
2026-08-02T06:43:53.122 INFO     [pid=5555 thread=MainThread] BREADCRUMB {"event":"frame_catchup_capped","frame_seconds":0.1}
2026-08-02T06:43:53.772 INFO     [pid=5555 thread=MainThread] BREADCRUMB {"event":"frame_catchup_capped","frame_seconds":0.1}
2026-08-02T06:43:54.423 INFO     [pid=5555 thread=MainThread] BREADCRUMB {"event":"frame_catchup_capped","frame_seconds":0.1}
2026-08-02T06:43:55.095 INFO     [pid=5555 thread=MainThread] BREADCRUMB {"event":"frame_catchup_capped","frame_seconds":0.1}
2026-08-02T06:43:55.744 INFO     [pid=5555 thread=MainThread] BREADCRUMB {"event":"frame_catchup_capped","frame_seconds":0.1}
2026-08-02T06:43:56.432 INFO     [pid=5555 thread=MainThread] BREADCRUMB {"event":"frame_catchup_capped","frame_seconds":0.1}
2026-08-02T06:43:57.101 INFO     [pid=5555 thread=MainThread] BREADCRUMB {"event":"frame_catchup_capped","frame_seconds":0.1}
2026-08-02T06:43:57.823 INFO     [pid=5555 thread=MainThread] BREADCRUMB {"event":"frame_catchup_capped","frame_seconds":0.1}
2026-08-02T06:43:58.529 INFO     [pid=5555 thread=MainThread] BREADCRUMB {"event":"frame_catchup_capped","frame_seconds":0.1}
2026-08-02T06:43:59.153 INFO     [pid=5555 thread=MainThread] BREADCRUMB {"event":"frame_catchup_capped","frame_seconds":0.1}
2026-08-02T06:43:59.812 INFO     [pid=5555 thread=MainThread] BREADCRUMB {"event":"frame_catchup_capped","frame_seconds":0.1}
2026-08-02T06:44:00.472 INFO     [pid=5555 thread=MainThread] BREADCRUMB {"event":"frame_catchup_capped","frame_seconds":0.1}
2026-08-02T06:44:01.066 INFO     [pid=5555 thread=MainThread] BREADCRUMB {"event":"frame_catchup_capped","frame_seconds":0.1}
2026-08-02T06:44:01.678 INFO     [pid=5555 thread=MainThread] BREADCRUMB {"event":"frame_catchup_capped","frame_seconds":0.1}
2026-08-02T06:44:02.304 INFO     [pid=5555 thread=MainThread] BREADCRUMB {"event":"frame_catchup_capped","frame_seconds":0.1}
2026-08-02T06:44:02.895 INFO     [pid=5555 thread=MainThread] BREADCRUMB {"event":"frame_catchup_capped","frame_seconds":0.1}
2026-08-02T06:44:03.519 INFO     [pid=5555 thread=MainThread] BREADCRUMB {"event":"frame_catchup_capped","frame_seconds":0.1}
2026-08-02T06:44:04.132 INFO     [pid=5555 thread=MainThread] BREADCRUMB {"event":"frame_catchup_capped","frame_seconds":0.1}
2026-08-02T06:44:04.772 INFO     [pid=5555 thread=MainThread] BREADCRUMB {"event":"frame_catchup_capped","frame_seconds":0.1}
2026-08-02T06:44:05.369 INFO     [pid=5555 thread=MainThread] BREADCRUMB {"event":"frame_catchup_capped","frame_seconds":0.1}
2026-08-02T06:44:05.997 INFO     [pid=5555 thread=MainThread] BREADCRUMB {"event":"frame_catchup_capped","frame_seconds":0.1}
2026-08-02T06:44:06.643 INFO     [pid=5555 thread=MainThread] BREADCRUMB {"event":"frame_catchup_capped","frame_seconds":0.1}
2026-08-02T06:44:07.237 INFO     [pid=5555 thread=MainThread] BREADCRUMB {"event":"frame_catchup_capped","frame_seconds":0.1}
2026-08-02T06:44:07.866 INFO     [pid=5555 thread=MainThread] BREADCRUMB {"event":"frame_catchup_capped","frame_seconds":0.1}
2026-08-02T06:44:08.491 INFO     [pid=5555 thread=MainThread] BREADCRUMB {"event":"frame_catchup_capped","frame_seconds":0.1}
2026-08-02T06:44:09.111 INFO     [pid=5555 thread=MainThread] BREADCRUMB {"event":"frame_catchup_capped","frame_seconds":0.1}
2026-08-02T06:44:09.928 INFO     [pid=5555 thread=MainThread] BREADCRUMB {"event":"frame_catchup_capped","frame_seconds":0.1}
2026-08-02T06:44:10.684 INFO     [pid=5555 thread=MainThread] BREADCRUMB {"event":"frame_catchup_capped","frame_seconds":0.1}
2026-08-02T06:44:11.372 INFO     [pid=5555 thread=MainThread] BREADCRUMB {"event":"frame_catchup_capped","frame_seconds":0.1}
2026-08-02T06:44:12.021 INFO     [pid=5555 thread=MainThread] BREADCRUMB {"event":"frame_catchup_capped","frame_seconds":0.1}
2026-08-02T06:44:12.622 INFO     [pid=5555 thread=MainThread] BREADCRUMB {"event":"frame_catchup_capped","frame_seconds":0.1}
2026-08-02T06:44:13.259 INFO     [pid=5555 thread=MainThread] BREADCRUMB {"event":"frame_catchup_capped","frame_seconds":0.1}
2026-08-02T06:44:13.931 INFO     [pid=5555 thread=MainThread] BREADCRUMB {"event":"frame_catchup_capped","frame_seconds":0.1}
2026-08-02T06:44:14.603 INFO     [pid=5555 thread=MainThread] BREADCRUMB {"event":"frame_catchup_capped","frame_seconds":0.1}
2026-08-02T06:44:15.292 INFO     [pid=5555 thread=MainThread] BREADCRUMB {"event":"frame_catchup_capped","frame_seconds":0.1}
2026-08-02T06:44:15.917 INFO     [pid=5555 thread=MainThread] BREADCRUMB {"event":"frame_catchup_capped","frame_seconds":0.1}
2026-08-02T06:44:16.560 INFO     [pid=5555 thread=MainThread] BREADCRUMB {"event":"frame_catchup_capped","frame_seconds":0.1}
2026-08-02T06:44:17.252 INFO     [pid=5555 thread=MainThread] BREADCRUMB {"event":"frame_catchup_capped","frame_seconds":0.1}
2026-08-02T06:44:17.994 INFO     [pid=5555 thread=MainThread] BREADCRUMB {"event":"frame_catchup_capped","frame_seconds":0.1}
2026-08-02T06:44:18.638 INFO     [pid=5555 thread=MainThread] BREADCRUMB {"event":"frame_catchup_capped","frame_seconds":0.1}
2026-08-02T06:44:19.267 INFO     [pid=5555 thread=MainThread] BREADCRUMB {"event":"frame_catchup_capped","frame_seconds":0.1}
2026-08-02T06:44:19.867 INFO     [pid=5555 thread=MainThread] BREADCRUMB {"event":"frame_catchup_capped","frame_seconds":0.1}
2026-08-02T06:44:20.492 INFO     [pid=5555 thread=MainThread] BREADCRUMB {"event":"frame_catchup_capped","frame_seconds":0.1}
2026-08-02T06:44:21.169 INFO     [pid=5555 thread=MainThread] BREADCRUMB {"event":"frame_catchup_capped","frame_seconds":0.1}
2026-08-02T06:44:21.988 INFO     [pid=5555 thread=MainThread] BREADCRUMB {"event":"frame_catchup_capped","frame_seconds":0.1}
2026-08-02T06:44:22.753 INFO     [pid=5555 thread=MainThread] BREADCRUMB {"event":"frame_catchup_capped","frame_seconds":0.1}
2026-08-02T06:44:23.429 INFO     [pid=5555 thread=MainThread] BREADCRUMB {"event":"frame_catchup_capped","frame_seconds":0.1}
2026-08-02T06:44:24.076 INFO     [pid=5555 thread=MainThread] BREADCRUMB {"event":"frame_catchup_capped","frame_seconds":0.1}
2026-08-02T06:44:24.689 INFO     [pid=5555 thread=MainThread] BREADCRUMB {"event":"frame_catchup_capped","frame_seconds":0.1}
2026-08-02T06:44:25.315 INFO     [pid=5555 thread=MainThread] BREADCRUMB {"event":"frame_catchup_capped","frame_seconds":0.1}
2026-08-02T06:44:25.958 INFO     [pid=5555 thread=MainThread] BREADCRUMB {"event":"frame_catchup_capped","frame_seconds":0.1}
2026-08-02T06:44:26.585 INFO     [pid=5555 thread=MainThread] BREADCRUMB {"event":"frame_catchup_capped","frame_seconds":0.1}
2026-08-02T06:44:27.291 INFO     [pid=5555 thread=MainThread] BREADCRUMB {"event":"frame_catchup_capped","frame_seconds":0.1}
2026-08-02T06:44:27.972 INFO     [pid=5555 thread=MainThread] BREADCRUMB {"event":"frame_catchup_capped","frame_seconds":0.1}
2026-08-02T06:44:28.610 INFO     [pid=5555 thread=MainThread] BREADCRUMB {"event":"frame_catchup_capped","frame_seconds":0.1}
2026-08-02T06:44:29.252 INFO     [pid=5555 thread=MainThread] BREADCRUMB {"event":"frame_catchup_capped","frame_seconds":0.1}
2026-08-02T06:44:29.853 INFO     [pid=5555 thread=MainThread] BREADCRUMB {"event":"frame_catchup_capped","frame_seconds":0.1}
2026-08-02T06:44:30.486 INFO     [pid=5555 thread=MainThread] BREADCRUMB {"event":"frame_catchup_capped","frame_seconds":0.1}
2026-08-02T06:44:31.099 INFO     [pid=5555 thread=MainThread] BREADCRUMB {"event":"frame_catchup_capped","frame_seconds":0.1}
2026-08-02T06:44:31.699 INFO     [pid=5555 thread=MainThread] BREADCRUMB {"event":"frame_catchup_capped","frame_seconds":0.1}
2026-08-02T06:44:32.322 INFO     [pid=5555 thread=MainThread] BREADCRUMB {"event":"frame_catchup_capped","frame_seconds":0.1}
2026-08-02T06:44:32.954 INFO     [pid=5555 thread=MainThread] BREADCRUMB {"event":"frame_catchup_capped","frame_seconds":0.1}
2026-08-02T06:44:33.565 INFO     [pid=5555 thread=MainThread] BREADCRUMB {"event":"frame_catchup_capped","frame_seconds":0.1}
2026-08-02T06:44:34.208 INFO     [pid=5555 thread=MainThread] BREADCRUMB {"event":"frame_catchup_capped","frame_seconds":0.1}
2026-08-02T06:44:34.811 INFO     [pid=5555 thread=MainThread] BREADCRUMB {"event":"frame_catchup_capped","frame_seconds":0.1}
2026-08-02T06:44:35.405 INFO     [pid=5555 thread=MainThread] BREADCRUMB {"event":"frame_catchup_capped","frame_seconds":0.1}
2026-08-02T06:44:36.039 INFO     [pid=5555 thread=MainThread] BREADCRUMB {"event":"frame_catchup_capped","frame_seconds":0.1}
2026-08-02T06:44:36.667 INFO     [pid=5555 thread=MainThread] BREADCRUMB {"event":"frame_catchup_capped","frame_seconds":0.1}
2026-08-02T06:44:37.277 INFO     [pid=5555 thread=MainThread] BREADCRUMB {"event":"frame_catchup_capped","frame_seconds":0.1}
2026-08-02T06:44:38.061 INFO     [pid=5555 thread=MainThread] BREADCRUMB {"event":"frame_catchup_capped","frame_seconds":0.1}
2026-08-02T06:44:38.799 INFO     [pid=5555 thread=MainThread] BREADCRUMB {"event":"frame_catchup_capped","frame_seconds":0.1}
2026-08-02T06:44:39.490 INFO     [pid=5555 thread=MainThread] BREADCRUMB {"event":"frame_catchup_capped","frame_seconds":0.1}
2026-08-02T06:44:40.117 INFO     [pid=5555 thread=MainThread] BREADCRUMB {"event":"frame_catchup_capped","frame_seconds":0.1}
2026-08-02T06:44:40.789 INFO     [pid=5555 thread=MainThread] BREADCRUMB {"event":"frame_catchup_capped","frame_seconds":0.1}
2026-08-02T06:44:41.435 INFO     [pid=5555 thread=MainThread] BREADCRUMB {"event":"frame_catchup_capped","frame_seconds":0.1}
2026-08-02T06:44:42.074 INFO     [pid=5555 thread=MainThread] BREADCRUMB {"event":"frame_catchup_capped","frame_seconds":0.1}
2026-08-02T06:44:42.729 INFO     [pid=5555 thread=MainThread] BREADCRUMB {"event":"frame_catchup_capped","frame_seconds":0.1}
2026-08-02T06:44:43.353 INFO     [pid=5555 thread=MainThread] BREADCRUMB {"event":"frame_catchup_capped","frame_seconds":0.1}
2026-08-02T06:44:44.026 INFO     [pid=5555 thread=MainThread] BREADCRUMB {"event":"frame_catchup_capped","frame_seconds":0.1}
2026-08-02T06:44:44.735 INFO     [pid=5555 thread=MainThread] BREADCRUMB {"event":"frame_catchup_capped","frame_seconds":0.1}
2026-08-02T06:44:45.396 INFO     [pid=5555 thread=MainThread] BREADCRUMB {"event":"frame_catchup_capped","frame_seconds":0.1}
2026-08-02T06:44:46.048 INFO     [pid=5555 thread=MainThread] BREADCRUMB {"event":"frame_catchup_capped","frame_seconds":0.1}
2026-08-02T06:44:46.649 INFO     [pid=5555 thread=MainThread] BREADCRUMB {"event":"frame_catchup_capped","frame_seconds":0.1}
2026-08-02T06:44:47.294 INFO     [pid=5555 thread=MainThread] BREADCRUMB {"event":"frame_catchup_capped","frame_seconds":0.1}
2026-08-02T06:44:47.917 INFO     [pid=5555 thread=MainThread] BREADCRUMB {"event":"frame_catchup_capped","frame_seconds":0.1}
2026-08-02T06:44:48.542 INFO     [pid=5555 thread=MainThread] BREADCRUMB {"event":"frame_catchup_capped","frame_seconds":0.1}
2026-08-02T06:44:49.205 INFO     [pid=5555 thread=MainThread] BREADCRUMB {"event":"frame_catchup_capped","frame_seconds":0.1}
2026-08-02T06:44:49.800 INFO     [pid=5555 thread=MainThread] BREADCRUMB {"event":"frame_catchup_capped","frame_seconds":0.1}
2026-08-02T06:44:50.439 INFO     [pid=5555 thread=MainThread] BREADCRUMB {"event":"frame_catchup_capped","frame_seconds":0.1}
2026-08-02T06:44:51.074 INFO     [pid=5555 thread=MainThread] BREADCRUMB {"event":"frame_catchup_capped","frame_seconds":0.1}
2026-08-02T06:44:51.727 INFO     [pid=5555 thread=MainThread] BREADCRUMB {"event":"frame_catchup_capped","frame_seconds":0.1}
2026-08-02T06:44:52.358 INFO     [pid=5555 thread=MainThread] BREADCRUMB {"event":"frame_catchup_capped","frame_seconds":0.1}
2026-08-02T06:44:52.995 INFO     [pid=5555 thread=MainThread] BREADCRUMB {"event":"frame_catchup_capped","frame_seconds":0.1}
2026-08-02T06:44:53.617 INFO     [pid=5555 thread=MainThread] BREADCRUMB {"event":"frame_catchup_capped","frame_seconds":0.1}
2026-08-02T06:44:54.248 INFO     [pid=5555 thread=MainThread] BREADCRUMB {"event":"frame_catchup_capped","frame_seconds":0.1}
2026-08-02T06:44:54.856 INFO     [pid=5555 thread=MainThread] BREADCRUMB {"event":"frame_catchup_capped","frame_seconds":0.1}
2026-08-02T06:44:55.488 INFO     [pid=5555 thread=MainThread] BREADCRUMB {"event":"frame_catchup_capped","frame_seconds":0.1}
2026-08-02T06:44:56.107 INFO     [pid=5555 thread=MainThread] BREADCRUMB {"event":"frame_catchup_capped","frame_seconds":0.1}
2026-08-02T06:44:56.723 INFO     [pid=5555 thread=MainThread] BREADCRUMB {"event":"frame_catchup_capped","frame_seconds":0.1}
2026-08-02T06:44:57.420 INFO     [pid=5555 thread=MainThread] BREADCRUMB {"event":"frame_catchup_capped","frame_seconds":0.1}
2026-08-02T06:44:58.304 INFO     [pid=5555 thread=MainThread] BREADCRUMB {"event":"frame_catchup_capped","frame_seconds":0.1}
2026-08-02T06:44:59.048 INFO     [pid=5555 thread=MainThread] BREADCRUMB {"event":"frame_catchup_capped","frame_seconds":0.1}
2026-08-02T06:44:59.756 INFO     [pid=5555 thread=MainThread] BREADCRUMB {"event":"frame_catchup_capped","frame_seconds":0.1}
2026-08-02T06:45:00.434 INFO     [pid=5555 thread=MainThread] BREADCRUMB {"event":"frame_catchup_capped","frame_seconds":0.1}
2026-08-02T06:45:01.079 INFO     [pid=5555 thread=MainThread] BREADCRUMB {"event":"frame_catchup_capped","frame_seconds":0.1}
2026-08-02T06:45:01.712 INFO     [pid=5555 thread=MainThread] BREADCRUMB {"event":"frame_catchup_capped","frame_seconds":0.1}
2026-08-02T06:45:02.317 INFO     [pid=5555 thread=MainThread] BREADCRUMB {"event":"frame_catchup_capped","frame_seconds":0.1}
2026-08-02T06:45:02.941 INFO     [pid=5555 thread=MainThread] BREADCRUMB {"event":"frame_catchup_capped","frame_seconds":0.1}
2026-08-02T06:45:03.556 INFO     [pid=5555 thread=MainThread] BREADCRUMB {"event":"frame_catchup_capped","frame_seconds":0.1}
2026-08-02T06:45:04.172 INFO     [pid=5555 thread=MainThread] BREADCRUMB {"event":"frame_catchup_capped","frame_seconds":0.1}
2026-08-02T06:45:04.861 INFO     [pid=5555 thread=MainThread] BREADCRUMB {"event":"frame_catchup_capped","frame_seconds":0.1}
2026-08-02T06:45:05.558 INFO     [pid=5555 thread=MainThread] BREADCRUMB {"event":"frame_catchup_capped","frame_seconds":0.1}
2026-08-02T06:45:06.360 INFO     [pid=5555 thread=MainThread] BREADCRUMB {"event":"frame_catchup_capped","frame_seconds":0.1}
2026-08-02T06:45:07.068 INFO     [pid=5555 thread=MainThread] BREADCRUMB {"event":"frame_catchup_capped","frame_seconds":0.1}
2026-08-02T06:45:07.700 INFO     [pid=5555 thread=MainThread] BREADCRUMB {"event":"frame_catchup_capped","frame_seconds":0.1}
2026-08-02T06:45:08.394 INFO     [pid=5555 thread=MainThread] BREADCRUMB {"event":"frame_catchup_capped","frame_seconds":0.1}
2026-08-02T06:45:08.998 INFO     [pid=5555 thread=MainThread] BREADCRUMB {"event":"frame_catchup_capped","frame_seconds":0.1}
2026-08-02T06:45:09.624 INFO     [pid=5555 thread=MainThread] BREADCRUMB {"event":"frame_catchup_capped","frame_seconds":0.1}
2026-08-02T06:45:10.219 INFO     [pid=5555 thread=MainThread] BREADCRUMB {"event":"frame_catchup_capped","frame_seconds":0.1}
2026-08-02T06:45:10.881 INFO     [pid=5555 thread=MainThread] BREADCRUMB {"event":"frame_catchup_capped","frame_seconds":0.1}
2026-08-02T06:45:11.474 INFO     [pid=5555 thread=MainThread] BREADCRUMB {"event":"frame_catchup_capped","frame_seconds":0.1}
2026-08-02T06:45:12.127 INFO     [pid=5555 thread=MainThread] BREADCRUMB {"event":"frame_catchup_capped","frame_seconds":0.1}
2026-08-02T06:45:13.050 INFO     [pid=5555 thread=MainThread] BREADCRUMB {"event":"frame_catchup_capped","frame_seconds":0.1}
2026-08-02T06:45:13.853 INFO     [pid=5555 thread=MainThread] BREADCRUMB {"event":"frame_catchup_capped","frame_seconds":0.1}
2026-08-02T06:45:14.574 INFO     [pid=5555 thread=MainThread] BREADCRUMB {"event":"frame_catchup_capped","frame_seconds":0.1}
2026-08-02T06:45:15.291 INFO     [pid=5555 thread=MainThread] BREADCRUMB {"event":"frame_catchup_capped","frame_seconds":0.1}
2026-08-02T06:45:15.935 INFO     [pid=5555 thread=MainThread] BREADCRUMB {"event":"frame_catchup_capped","frame_seconds":0.1}
2026-08-02T06:45:16.543 INFO     [pid=5555 thread=MainThread] BREADCRUMB {"event":"frame_catchup_capped","frame_seconds":0.1}
2026-08-02T06:45:17.175 INFO     [pid=5555 thread=MainThread] BREADCRUMB {"event":"frame_catchup_capped","frame_seconds":0.1}
2026-08-02T06:45:17.949 INFO     [pid=5555 thread=MainThread] BREADCRUMB {"event":"frame_catchup_capped","frame_seconds":0.1}
2026-08-02T06:45:18.607 INFO     [pid=5555 thread=MainThread] BREADCRUMB {"event":"frame_catchup_capped","frame_seconds":0.1}
2026-08-02T06:45:19.245 INFO     [pid=5555 thread=MainThread] BREADCRUMB {"event":"frame_catchup_capped","frame_seconds":0.1}
2026-08-02T06:45:19.882 INFO     [pid=5555 thread=MainThread] BREADCRUMB {"event":"frame_catchup_capped","frame_seconds":0.1}
2026-08-02T06:45:20.502 INFO     [pid=5555 thread=MainThread] BREADCRUMB {"event":"frame_catchup_capped","frame_seconds":0.1}
2026-08-02T06:45:21.138 INFO     [pid=5555 thread=MainThread] BREADCRUMB {"event":"frame_catchup_capped","frame_seconds":0.1}
2026-08-02T06:45:21.744 INFO     [pid=5555 thread=MainThread] BREADCRUMB {"event":"frame_catchup_capped","frame_seconds":0.1}
2026-08-02T06:45:22.394 INFO     [pid=5555 thread=MainThread] BREADCRUMB {"event":"frame_catchup_capped","frame_seconds":0.1}
2026-08-02T06:45:23.010 INFO     [pid=5555 thread=MainThread] BREADCRUMB {"event":"frame_catchup_capped","frame_seconds":0.1}
2026-08-02T06:45:23.643 INFO     [pid=5555 thread=MainThread] BREADCRUMB {"event":"frame_catchup_capped","frame_seconds":0.1}
2026-08-02T06:45:24.475 INFO     [pid=5555 thread=MainThread] BREADCRUMB {"event":"frame_catchup_capped","frame_seconds":0.1}
2026-08-02T06:45:25.247 INFO     [pid=5555 thread=MainThread] BREADCRUMB {"event":"frame_catchup_capped","frame_seconds":0.1}
2026-08-02T06:45:25.937 INFO     [pid=5555 thread=MainThread] BREADCRUMB {"event":"frame_catchup_capped","frame_seconds":0.1}
2026-08-02T06:45:26.693 INFO     [pid=5555 thread=MainThread] BREADCRUMB {"event":"frame_catchup_capped","frame_seconds":0.1}
2026-08-02T06:45:27.370 INFO     [pid=5555 thread=MainThread] BREADCRUMB {"event":"frame_catchup_capped","frame_seconds":0.1}
2026-08-02T06:45:27.971 INFO     [pid=5555 thread=MainThread] BREADCRUMB {"event":"frame_catchup_capped","frame_seconds":0.1}
2026-08-02T06:45:28.582 INFO     [pid=5555 thread=MainThread] BREADCRUMB {"event":"frame_catchup_capped","frame_seconds":0.1}
2026-08-02T06:45:29.199 INFO     [pid=5555 thread=MainThread] BREADCRUMB {"event":"frame_catchup_capped","frame_seconds":0.1}
2026-08-02T06:45:29.808 INFO     [pid=5555 thread=MainThread] BREADCRUMB {"event":"frame_catchup_capped","frame_seconds":0.1}
2026-08-02T06:45:30.421 INFO     [pid=5555 thread=MainThread] BREADCRUMB {"event":"frame_catchup_capped","frame_seconds":0.1}
2026-08-02T06:45:31.055 INFO     [pid=5555 thread=MainThread] BREADCRUMB {"event":"frame_catchup_capped","frame_seconds":0.1}
2026-08-02T06:45:31.711 INFO     [pid=5555 thread=MainThread] BREADCRUMB {"event":"frame_catchup_capped","frame_seconds":0.1}
2026-08-02T06:45:32.306 INFO     [pid=5555 thread=MainThread] BREADCRUMB {"event":"frame_catchup_capped","frame_seconds":0.1}
2026-08-02T06:45:32.941 INFO     [pid=5555 thread=MainThread] BREADCRUMB {"event":"frame_catchup_capped","frame_seconds":0.1}
2026-08-02T06:45:33.555 INFO     [pid=5555 thread=MainThread] BREADCRUMB {"event":"frame_catchup_capped","frame_seconds":0.1}
2026-08-02T06:45:34.228 INFO     [pid=5555 thread=MainThread] BREADCRUMB {"event":"frame_catchup_capped","frame_seconds":0.1}
2026-08-02T06:45:34.989 INFO     [pid=5555 thread=MainThread] BREADCRUMB {"event":"frame_catchup_capped","frame_seconds":0.1}
2026-08-02T06:45:35.621 INFO     [pid=5555 thread=MainThread] BREADCRUMB {"event":"frame_catchup_capped","frame_seconds":0.1}
2026-08-02T06:45:36.208 INFO     [pid=5555 thread=MainThread] BREADCRUMB {"event":"frame_catchup_capped","frame_seconds":0.1}
2026-08-02T06:45:36.807 INFO     [pid=5555 thread=MainThread] BREADCRUMB {"event":"frame_catchup_capped","frame_seconds":0.1}
2026-08-02T06:45:37.437 INFO     [pid=5555 thread=MainThread] BREADCRUMB {"event":"frame_catchup_capped","frame_seconds":0.1}
2026-08-02T06:45:38.041 INFO     [pid=5555 thread=MainThread] BREADCRUMB {"event":"frame_catchup_capped","frame_seconds":0.1}
2026-08-02T06:45:38.660 INFO     [pid=5555 thread=MainThread] BREADCRUMB {"event":"frame_catchup_capped","frame_seconds":0.1}
2026-08-02T06:45:39.285 INFO     [pid=5555 thread=MainThread] BREADCRUMB {"event":"frame_catchup_capped","frame_seconds":0.1}
2026-08-02T06:45:39.920 INFO     [pid=5555 thread=MainThread] BREADCRUMB {"event":"frame_catchup_capped","frame_seconds":0.1}
2026-08-02T06:45:40.534 INFO     [pid=5555 thread=MainThread] BREADCRUMB {"event":"frame_catchup_capped","frame_seconds":0.1}
2026-08-02T06:45:41.140 INFO     [pid=5555 thread=MainThread] BREADCRUMB {"event":"frame_catchup_capped","frame_seconds":0.1}
2026-08-02T06:45:41.799 INFO     [pid=5555 thread=MainThread] BREADCRUMB {"event":"frame_catchup_capped","frame_seconds":0.1}
2026-08-02T06:45:42.503 INFO     [pid=5555 thread=MainThread] BREADCRUMB {"event":"frame_catchup_capped","frame_seconds":0.1}
2026-08-02T06:45:43.178 INFO     [pid=5555 thread=MainThread] BREADCRUMB {"event":"frame_catchup_capped","frame_seconds":0.1}
2026-08-02T06:45:43.992 INFO     [pid=5555 thread=MainThread] BREADCRUMB {"event":"frame_catchup_capped","frame_seconds":0.1}
2026-08-02T06:45:44.693 INFO     [pid=5555 thread=MainThread] BREADCRUMB {"event":"frame_catchup_capped","frame_seconds":0.1}
2026-08-02T06:45:45.373 INFO     [pid=5555 thread=MainThread] BREADCRUMB {"event":"frame_catchup_capped","frame_seconds":0.1}
2026-08-02T06:45:46.059 INFO     [pid=5555 thread=MainThread] BREADCRUMB {"event":"frame_catchup_capped","frame_seconds":0.1}
2026-08-02T06:45:46.704 INFO     [pid=5555 thread=MainThread] BREADCRUMB {"event":"frame_catchup_capped","frame_seconds":0.1}
2026-08-02T06:45:47.379 INFO     [pid=5555 thread=MainThread] BREADCRUMB {"event":"frame_catchup_capped","frame_seconds":0.1}
2026-08-02T06:45:48.082 INFO     [pid=5555 thread=MainThread] BREADCRUMB {"event":"frame_catchup_capped","frame_seconds":0.1}
2026-08-02T06:45:48.770 INFO     [pid=5555 thread=MainThread] BREADCRUMB {"event":"frame_catchup_capped","frame_seconds":0.1}
2026-08-02T06:45:49.423 INFO     [pid=5555 thread=MainThread] BREADCRUMB {"event":"frame_catchup_capped","frame_seconds":0.1}
2026-08-02T06:45:50.106 INFO     [pid=5555 thread=MainThread] BREADCRUMB {"event":"frame_catchup_capped","frame_seconds":0.1}
2026-08-02T06:45:50.792 INFO     [pid=5555 thread=MainThread] BREADCRUMB {"event":"frame_catchup_capped","frame_seconds":0.1}
2026-08-02T06:45:51.615 INFO     [pid=5555 thread=MainThread] BREADCRUMB {"event":"frame_catchup_capped","frame_seconds":0.1}
2026-08-02T06:45:52.533 INFO     [pid=5555 thread=MainThread] BREADCRUMB {"event":"frame_catchup_capped","frame_seconds":0.1}
2026-08-02T06:45:53.373 INFO     [pid=5555 thread=MainThread] BREADCRUMB {"event":"frame_catchup_capped","frame_seconds":0.1}
2026-08-02T06:45:54.182 INFO     [pid=5555 thread=MainThread] BREADCRUMB {"event":"frame_catchup_capped","frame_seconds":0.1}
2026-08-02T06:45:54.856 INFO     [pid=5555 thread=MainThread] BREADCRUMB {"event":"frame_catchup_capped","frame_seconds":0.1}
2026-08-02T06:45:55.665 INFO     [pid=5555 thread=MainThread] BREADCRUMB {"event":"frame_catchup_capped","frame_seconds":0.1}
2026-08-02T06:45:56.517 INFO     [pid=5555 thread=MainThread] BREADCRUMB {"event":"frame_catchup_capped","frame_seconds":0.1}
2026-08-02T06:45:57.248 INFO     [pid=5555 thread=MainThread] BREADCRUMB {"event":"frame_catchup_capped","frame_seconds":0.1}
2026-08-02T06:45:57.892 INFO     [pid=5555 thread=MainThread] BREADCRUMB {"event":"frame_catchup_capped","frame_seconds":0.1}
2026-08-02T06:45:58.667 INFO     [pid=5555 thread=MainThread] BREADCRUMB {"event":"frame_catchup_capped","frame_seconds":0.1}
2026-08-02T06:45:59.337 INFO     [pid=5555 thread=MainThread] BREADCRUMB {"event":"frame_catchup_capped","frame_seconds":0.1}
2026-08-02T06:46:00.005 INFO     [pid=5555 thread=MainThread] BREADCRUMB {"event":"frame_catchup_capped","frame_seconds":0.1}
2026-08-02T06:46:00.719 INFO     [pid=5555 thread=MainThread] BREADCRUMB {"event":"frame_catchup_capped","frame_seconds":0.1}
2026-08-02T06:46:01.458 INFO     [pid=5555 thread=MainThread] BREADCRUMB {"event":"frame_catchup_capped","frame_seconds":0.1}
2026-08-02T06:46:02.198 INFO     [pid=5555 thread=MainThread] BREADCRUMB {"event":"frame_catchup_capped","frame_seconds":0.1}
2026-08-02T06:46:02.905 INFO     [pid=5555 thread=MainThread] BREADCRUMB {"event":"frame_catchup_capped","frame_seconds":0.1}
2026-08-02T06:46:03.569 INFO     [pid=5555 thread=MainThread] BREADCRUMB {"event":"frame_catchup_capped","frame_seconds":0.1}
2026-08-02T06:46:04.209 INFO     [pid=5555 thread=MainThread] BREADCRUMB {"event":"frame_catchup_capped","frame_seconds":0.1}
2026-08-02T06:46:04.899 INFO     [pid=5555 thread=MainThread] BREADCRUMB {"event":"frame_catchup_capped","frame_seconds":0.1}
2026-08-02T06:46:05.567 INFO     [pid=5555 thread=MainThread] BREADCRUMB {"event":"frame_catchup_capped","frame_seconds":0.1}
2026-08-02T06:46:06.246 INFO     [pid=5555 thread=MainThread] BREADCRUMB {"event":"frame_catchup_capped","frame_seconds":0.1}
2026-08-02T06:46:06.889 INFO     [pid=5555 thread=MainThread] BREADCRUMB {"event":"frame_catchup_capped","frame_seconds":0.1}
2026-08-02T06:46:07.562 INFO     [pid=5555 thread=MainThread] BREADCRUMB {"event":"frame_catchup_capped","frame_seconds":0.1}
2026-08-02T06:46:08.242 INFO     [pid=5555 thread=MainThread] BREADCRUMB {"event":"frame_catchup_capped","frame_seconds":0.1}
2026-08-02T06:46:08.887 INFO     [pid=5555 thread=MainThread] BREADCRUMB {"event":"frame_catchup_capped","frame_seconds":0.1}
2026-08-02T06:46:09.580 INFO     [pid=5555 thread=MainThread] BREADCRUMB {"event":"frame_catchup_capped","frame_seconds":0.1}
2026-08-02T06:46:10.237 INFO     [pid=5555 thread=MainThread] BREADCRUMB {"event":"frame_catchup_capped","frame_seconds":0.1}
2026-08-02T06:46:10.896 INFO     [pid=5555 thread=MainThread] BREADCRUMB {"event":"frame_catchup_capped","frame_seconds":0.1}
2026-08-02T06:46:11.554 INFO     [pid=5555 thread=MainThread] BREADCRUMB {"event":"frame_catchup_capped","frame_seconds":0.1}
2026-08-02T06:46:12.192 INFO     [pid=5555 thread=MainThread] BREADCRUMB {"event":"frame_catchup_capped","frame_seconds":0.1}
2026-08-02T06:46:12.815 INFO     [pid=5555 thread=MainThread] BREADCRUMB {"event":"frame_catchup_capped","frame_seconds":0.1}
2026-08-02T06:46:13.501 INFO     [pid=5555 thread=MainThread] BREADCRUMB {"event":"frame_catchup_capped","frame_seconds":0.1}
2026-08-02T06:46:14.250 INFO     [pid=5555 thread=MainThread] BREADCRUMB {"event":"frame_catchup_capped","frame_seconds":0.1}
2026-08-02T06:46:14.989 INFO     [pid=5555 thread=MainThread] BREADCRUMB {"event":"frame_catchup_capped","frame_seconds":0.1}
2026-08-02T06:46:15.651 INFO     [pid=5555 thread=MainThread] BREADCRUMB {"event":"frame_catchup_capped","frame_seconds":0.1}
2026-08-02T06:46:16.343 INFO     [pid=5555 thread=MainThread] BREADCRUMB {"event":"frame_catchup_capped","frame_seconds":0.1}
2026-08-02T06:46:17.028 INFO     [pid=5555 thread=MainThread] BREADCRUMB {"event":"frame_catchup_capped","frame_seconds":0.1}
2026-08-02T06:46:17.666 INFO     [pid=5555 thread=MainThread] BREADCRUMB {"event":"frame_catchup_capped","frame_seconds":0.1}
2026-08-02T06:46:18.330 INFO     [pid=5555 thread=MainThread] BREADCRUMB {"event":"frame_catchup_capped","frame_seconds":0.1}
2026-08-02T06:46:19.005 INFO     [pid=5555 thread=MainThread] BREADCRUMB {"event":"frame_catchup_capped","frame_seconds":0.1}
2026-08-02T06:46:19.619 INFO     [pid=5555 thread=MainThread] BREADCRUMB {"event":"frame_catchup_capped","frame_seconds":0.1}
2026-08-02T06:46:20.293 INFO     [pid=5555 thread=MainThread] BREADCRUMB {"event":"frame_catchup_capped","frame_seconds":0.1}
2026-08-02T06:46:20.974 INFO     [pid=5555 thread=MainThread] BREADCRUMB {"event":"frame_catchup_capped","frame_seconds":0.1}
2026-08-02T06:46:21.623 INFO     [pid=5555 thread=MainThread] BREADCRUMB {"event":"frame_catchup_capped","frame_seconds":0.1}
2026-08-02T06:46:22.274 INFO     [pid=5555 thread=MainThread] BREADCRUMB {"event":"frame_catchup_capped","frame_seconds":0.1}
2026-08-02T06:46:22.955 INFO     [pid=5555 thread=MainThread] BREADCRUMB {"event":"frame_catchup_capped","frame_seconds":0.1}
2026-08-02T06:46:23.618 INFO     [pid=5555 thread=MainThread] BREADCRUMB {"event":"frame_catchup_capped","frame_seconds":0.1}
2026-08-02T06:46:24.285 INFO     [pid=5555 thread=MainThread] BREADCRUMB {"event":"frame_catchup_capped","frame_seconds":0.1}
2026-08-02T06:46:24.957 INFO     [pid=5555 thread=MainThread] BREADCRUMB {"event":"frame_catchup_capped","frame_seconds":0.1}
2026-08-02T06:46:25.632 INFO     [pid=5555 thread=MainThread] BREADCRUMB {"event":"frame_catchup_capped","frame_seconds":0.1}
2026-08-02T06:46:26.308 INFO     [pid=5555 thread=MainThread] BREADCRUMB {"event":"frame_catchup_capped","frame_seconds":0.1}
2026-08-02T06:46:26.988 INFO     [pid=5555 thread=MainThread] BREADCRUMB {"event":"frame_catchup_capped","frame_seconds":0.1}
2026-08-02T06:46:27.681 INFO     [pid=5555 thread=MainThread] BREADCRUMB {"event":"frame_catchup_capped","frame_seconds":0.1}
2026-08-02T06:46:28.342 INFO     [pid=5555 thread=MainThread] BREADCRUMB {"event":"frame_catchup_capped","frame_seconds":0.1}
2026-08-02T06:46:29.005 INFO     [pid=5555 thread=MainThread] BREADCRUMB {"event":"frame_catchup_capped","frame_seconds":0.1}
2026-08-02T06:46:29.695 INFO     [pid=5555 thread=MainThread] BREADCRUMB {"event":"frame_catchup_capped","frame_seconds":0.1}
2026-08-02T06:46:30.378 INFO     [pid=5555 thread=MainThread] BREADCRUMB {"event":"frame_catchup_capped","frame_seconds":0.1}
2026-08-02T06:46:31.042 INFO     [pid=5555 thread=MainThread] BREADCRUMB {"event":"frame_catchup_capped","frame_seconds":0.1}
2026-08-02T06:46:31.857 INFO     [pid=5555 thread=MainThread] BREADCRUMB {"event":"frame_catchup_capped","frame_seconds":0.1}
2026-08-02T06:46:32.656 INFO     [pid=5555 thread=MainThread] BREADCRUMB {"event":"frame_catchup_capped","frame_seconds":0.1}
2026-08-02T06:46:33.454 INFO     [pid=5555 thread=MainThread] BREADCRUMB {"event":"frame_catchup_capped","frame_seconds":0.1}
2026-08-02T06:46:34.150 INFO     [pid=5555 thread=MainThread] BREADCRUMB {"event":"frame_catchup_capped","frame_seconds":0.1}
2026-08-02T06:46:34.838 INFO     [pid=5555 thread=MainThread] BREADCRUMB {"event":"frame_catchup_capped","frame_seconds":0.1}
2026-08-02T06:46:35.511 INFO     [pid=5555 thread=MainThread] BREADCRUMB {"event":"frame_catchup_capped","frame_seconds":0.1}
2026-08-02T06:46:36.186 INFO     [pid=5555 thread=MainThread] BREADCRUMB {"event":"frame_catchup_capped","frame_seconds":0.1}
2026-08-02T06:46:36.872 INFO     [pid=5555 thread=MainThread] BREADCRUMB {"event":"frame_catchup_capped","frame_seconds":0.1}
2026-08-02T06:46:37.520 INFO     [pid=5555 thread=MainThread] BREADCRUMB {"event":"frame_catchup_capped","frame_seconds":0.1}
2026-08-02T06:46:38.207 INFO     [pid=5555 thread=MainThread] BREADCRUMB {"event":"frame_catchup_capped","frame_seconds":0.1}
2026-08-02T06:46:38.917 INFO     [pid=5555 thread=MainThread] BREADCRUMB {"event":"frame_catchup_capped","frame_seconds":0.1}
2026-08-02T06:46:39.678 INFO     [pid=5555 thread=MainThread] BREADCRUMB {"event":"frame_catchup_capped","frame_seconds":0.1}
2026-08-02T06:46:40.309 INFO     [pid=5555 thread=MainThread] BREADCRUMB {"event":"frame_catchup_capped","frame_seconds":0.1}
2026-08-02T06:46:40.985 INFO     [pid=5555 thread=MainThread] BREADCRUMB {"event":"frame_catchup_capped","frame_seconds":0.1}
2026-08-02T06:46:41.647 INFO     [pid=5555 thread=MainThread] BREADCRUMB {"event":"frame_catchup_capped","frame_seconds":0.1}
2026-08-02T06:46:42.322 INFO     [pid=5555 thread=MainThread] BREADCRUMB {"event":"frame_catchup_capped","frame_seconds":0.1}
2026-08-02T06:46:42.966 INFO     [pid=5555 thread=MainThread] BREADCRUMB {"event":"frame_catchup_capped","frame_seconds":0.1}
2026-08-02T06:46:43.704 INFO     [pid=5555 thread=MainThread] BREADCRUMB {"event":"frame_catchup_capped","frame_seconds":0.1}
2026-08-02T06:46:44.434 INFO     [pid=5555 thread=MainThread] BREADCRUMB {"event":"frame_catchup_capped","frame_seconds":0.1}
2026-08-02T06:46:45.128 INFO     [pid=5555 thread=MainThread] BREADCRUMB {"event":"frame_catchup_capped","frame_seconds":0.1}
2026-08-02T06:46:45.812 INFO     [pid=5555 thread=MainThread] BREADCRUMB {"event":"frame_catchup_capped","frame_seconds":0.1}
2026-08-02T06:46:46.460 INFO     [pid=5555 thread=MainThread] BREADCRUMB {"event":"frame_catchup_capped","frame_seconds":0.1}
2026-08-02T06:46:47.124 INFO     [pid=5555 thread=MainThread] BREADCRUMB {"event":"frame_catchup_capped","frame_seconds":0.1}
2026-08-02T06:46:47.795 INFO     [pid=5555 thread=MainThread] BREADCRUMB {"event":"frame_catchup_capped","frame_seconds":0.1}
2026-08-02T06:46:48.448 INFO     [pid=5555 thread=MainThread] BREADCRUMB {"event":"frame_catchup_capped","frame_seconds":0.1}
2026-08-02T06:46:49.080 INFO     [pid=5555 thread=MainThread] BREADCRUMB {"event":"frame_catchup_capped","frame_seconds":0.1}
2026-08-02T06:46:49.742 INFO     [pid=5555 thread=MainThread] BREADCRUMB {"event":"frame_catchup_capped","frame_seconds":0.1}
2026-08-02T06:46:50.408 INFO     [pid=5555 thread=MainThread] BREADCRUMB {"event":"frame_catchup_capped","frame_seconds":0.1}
2026-08-02T06:46:51.056 INFO     [pid=5555 thread=MainThread] BREADCRUMB {"event":"frame_catchup_capped","frame_seconds":0.1}
2026-08-02T06:46:51.722 INFO     [pid=5555 thread=MainThread] BREADCRUMB {"event":"frame_catchup_capped","frame_seconds":0.1}
2026-08-02T06:46:52.392 INFO     [pid=5555 thread=MainThread] BREADCRUMB {"event":"frame_catchup_capped","frame_seconds":0.1}
2026-08-02T06:46:53.050 INFO     [pid=5555 thread=MainThread] BREADCRUMB {"event":"frame_catchup_capped","frame_seconds":0.1}
2026-08-02T06:46:53.808 INFO     [pid=5555 thread=MainThread] BREADCRUMB {"event":"frame_catchup_capped","frame_seconds":0.1}
2026-08-02T06:46:54.548 INFO     [pid=5555 thread=MainThread] BREADCRUMB {"event":"frame_catchup_capped","frame_seconds":0.1}
2026-08-02T06:46:55.221 INFO     [pid=5555 thread=MainThread] BREADCRUMB {"event":"frame_catchup_capped","frame_seconds":0.1}
2026-08-02T06:46:55.866 INFO     [pid=5555 thread=MainThread] BREADCRUMB {"event":"frame_catchup_capped","frame_seconds":0.1}
2026-08-02T06:46:56.548 INFO     [pid=5555 thread=MainThread] BREADCRUMB {"event":"frame_catchup_capped","frame_seconds":0.1}
2026-08-02T06:46:57.185 INFO     [pid=5555 thread=MainThread] BREADCRUMB {"event":"frame_catchup_capped","frame_seconds":0.1}
2026-08-02T06:46:57.811 INFO     [pid=5555 thread=MainThread] BREADCRUMB {"event":"frame_catchup_capped","frame_seconds":0.1}
2026-08-02T06:46:58.493 INFO     [pid=5555 thread=MainThread] BREADCRUMB {"event":"frame_catchup_capped","frame_seconds":0.1}
2026-08-02T06:46:59.182 INFO     [pid=5555 thread=MainThread] BREADCRUMB {"event":"frame_catchup_capped","frame_seconds":0.1}
2026-08-02T06:46:59.882 INFO     [pid=5555 thread=MainThread] BREADCRUMB {"event":"frame_catchup_capped","frame_seconds":0.1}
2026-08-02T06:47:00.611 INFO     [pid=5555 thread=MainThread] BREADCRUMB {"event":"frame_catchup_capped","frame_seconds":0.1}
2026-08-02T06:47:01.286 INFO     [pid=5555 thread=MainThread] BREADCRUMB {"event":"frame_catchup_capped","frame_seconds":0.1}
2026-08-02T06:47:01.977 INFO     [pid=5555 thread=MainThread] BREADCRUMB {"event":"frame_catchup_capped","frame_seconds":0.1}
2026-08-02T06:47:02.649 INFO     [pid=5555 thread=MainThread] BREADCRUMB {"event":"frame_catchup_capped","frame_seconds":0.1}
2026-08-02T06:47:03.518 INFO     [pid=5555 thread=MainThread] BREADCRUMB {"event":"frame_catchup_capped","frame_seconds":0.1}
2026-08-02T06:47:04.173 INFO     [pid=5555 thread=MainThread] BREADCRUMB {"event":"frame_catchup_capped","frame_seconds":0.1}
2026-08-02T06:47:04.858 INFO     [pid=5555 thread=MainThread] BREADCRUMB {"event":"frame_catchup_capped","frame_seconds":0.1}
2026-08-02T06:47:05.541 INFO     [pid=5555 thread=MainThread] BREADCRUMB {"event":"frame_catchup_capped","frame_seconds":0.1}
2026-08-02T06:47:06.190 INFO     [pid=5555 thread=MainThread] BREADCRUMB {"event":"frame_catchup_capped","frame_seconds":0.1}
2026-08-02T06:47:06.842 INFO     [pid=5555 thread=MainThread] BREADCRUMB {"event":"frame_catchup_capped","frame_seconds":0.1}
2026-08-02T06:47:07.542 INFO     [pid=5555 thread=MainThread] BREADCRUMB {"event":"frame_catchup_capped","frame_seconds":0.1}
2026-08-02T06:47:08.245 INFO     [pid=5555 thread=MainThread] BREADCRUMB {"event":"frame_catchup_capped","frame_seconds":0.1}
2026-08-02T06:47:08.951 INFO     [pid=5555 thread=MainThread] BREADCRUMB {"event":"frame_catchup_capped","frame_seconds":0.1}
2026-08-02T06:47:09.607 INFO     [pid=5555 thread=MainThread] BREADCRUMB {"event":"frame_catchup_capped","frame_seconds":0.1}
2026-08-02T06:47:10.303 INFO     [pid=5555 thread=MainThread] BREADCRUMB {"event":"frame_catchup_capped","frame_seconds":0.1}
2026-08-02T06:47:10.989 INFO     [pid=5555 thread=MainThread] BREADCRUMB {"event":"frame_catchup_capped","frame_seconds":0.1}
2026-08-02T06:47:11.641 INFO     [pid=5555 thread=MainThread] BREADCRUMB {"event":"frame_catchup_capped","frame_seconds":0.1}
2026-08-02T06:47:12.311 INFO     [pid=5555 thread=MainThread] BREADCRUMB {"event":"frame_catchup_capped","frame_seconds":0.1}
2026-08-02T06:47:12.985 INFO     [pid=5555 thread=MainThread] BREADCRUMB {"event":"frame_catchup_capped","frame_seconds":0.1}
2026-08-02T06:47:13.676 INFO     [pid=5555 thread=MainThread] BREADCRUMB {"event":"frame_catchup_capped","frame_seconds":0.1}
2026-08-02T06:47:14.439 INFO     [pid=5555 thread=MainThread] BREADCRUMB {"event":"frame_catchup_capped","frame_seconds":0.1}
2026-08-02T06:47:15.127 INFO     [pid=5555 thread=MainThread] BREADCRUMB {"event":"frame_catchup_capped","frame_seconds":0.1}
2026-08-02T06:47:15.777 INFO     [pid=5555 thread=MainThread] BREADCRUMB {"event":"frame_catchup_capped","frame_seconds":0.1}
2026-08-02T06:47:16.452 INFO     [pid=5555 thread=MainThread] BREADCRUMB {"event":"frame_catchup_capped","frame_seconds":0.1}
2026-08-02T06:47:17.145 INFO     [pid=5555 thread=MainThread] BREADCRUMB {"event":"frame_catchup_capped","frame_seconds":0.1}
2026-08-02T06:47:17.829 INFO     [pid=5555 thread=MainThread] BREADCRUMB {"event":"frame_catchup_capped","frame_seconds":0.1}
2026-08-02T06:47:18.503 INFO     [pid=5555 thread=MainThread] BREADCRUMB {"event":"frame_catchup_capped","frame_seconds":0.1}
2026-08-02T06:47:19.188 INFO     [pid=5555 thread=MainThread] BREADCRUMB {"event":"frame_catchup_capped","frame_seconds":0.1}
2026-08-02T06:47:19.862 INFO     [pid=5555 thread=MainThread] BREADCRUMB {"event":"frame_catchup_capped","frame_seconds":0.1}
2026-08-02T06:47:20.551 INFO     [pid=5555 thread=MainThread] BREADCRUMB {"event":"frame_catchup_capped","frame_seconds":0.1}
2026-08-02T06:47:21.245 INFO     [pid=5555 thread=MainThread] BREADCRUMB {"event":"frame_catchup_capped","frame_seconds":0.1}
2026-08-02T06:47:21.936 INFO     [pid=5555 thread=MainThread] BREADCRUMB {"event":"frame_catchup_capped","frame_seconds":0.1}
2026-08-02T06:47:22.645 INFO     [pid=5555 thread=MainThread] BREADCRUMB {"event":"frame_catchup_capped","frame_seconds":0.1}
2026-08-02T06:47:23.307 INFO     [pid=5555 thread=MainThread] BREADCRUMB {"event":"frame_catchup_capped","frame_seconds":0.1}
2026-08-02T06:47:23.934 INFO     [pid=5555 thread=MainThread] BREADCRUMB {"event":"frame_catchup_capped","frame_seconds":0.1}
2026-08-02T06:47:24.521 INFO     [pid=5555 thread=MainThread] BREADCRUMB {"event":"frame_catchup_capped","frame_seconds":0.1}
2026-08-02T06:47:25.120 INFO     [pid=5555 thread=MainThread] BREADCRUMB {"event":"frame_catchup_capped","frame_seconds":0.1}
2026-08-02T06:47:25.754 INFO     [pid=5555 thread=MainThread] BREADCRUMB {"event":"frame_catchup_capped","frame_seconds":0.1}
2026-08-02T06:47:26.352 INFO     [pid=5555 thread=MainThread] BREADCRUMB {"event":"frame_catchup_capped","frame_seconds":0.1}
2026-08-02T06:47:26.982 INFO     [pid=5555 thread=MainThread] BREADCRUMB {"event":"frame_catchup_capped","frame_seconds":0.1}
2026-08-02T06:47:27.596 INFO     [pid=5555 thread=MainThread] BREADCRUMB {"event":"frame_catchup_capped","frame_seconds":0.1}
2026-08-02T06:47:28.241 INFO     [pid=5555 thread=MainThread] BREADCRUMB {"event":"frame_catchup_capped","frame_seconds":0.1}
2026-08-02T06:47:28.856 INFO     [pid=5555 thread=MainThread] BREADCRUMB {"event":"frame_catchup_capped","frame_seconds":0.1}
2026-08-02T06:47:29.469 INFO     [pid=5555 thread=MainThread] BREADCRUMB {"event":"frame_catchup_capped","frame_seconds":0.1}
2026-08-02T06:47:30.105 INFO     [pid=5555 thread=MainThread] BREADCRUMB {"event":"frame_catchup_capped","frame_seconds":0.1}
2026-08-02T06:47:30.701 INFO     [pid=5555 thread=MainThread] BREADCRUMB {"event":"frame_catchup_capped","frame_seconds":0.1}
2026-08-02T06:47:31.412 INFO     [pid=5555 thread=MainThread] BREADCRUMB {"event":"frame_catchup_capped","frame_seconds":0.1}
2026-08-02T06:47:32.144 INFO     [pid=5555 thread=MainThread] BREADCRUMB {"event":"frame_catchup_capped","frame_seconds":0.1}
2026-08-02T06:47:32.888 INFO     [pid=5555 thread=MainThread] BREADCRUMB {"event":"frame_catchup_capped","frame_seconds":0.1}
2026-08-02T06:47:33.479 INFO     [pid=5555 thread=MainThread] BREADCRUMB {"event":"frame_catchup_capped","frame_seconds":0.1}
2026-08-02T06:47:34.118 INFO     [pid=5555 thread=MainThread] BREADCRUMB {"event":"frame_catchup_capped","frame_seconds":0.1}
2026-08-02T06:47:34.753 INFO     [pid=5555 thread=MainThread] BREADCRUMB {"event":"frame_catchup_capped","frame_seconds":0.1}
2026-08-02T06:47:35.372 INFO     [pid=5555 thread=MainThread] BREADCRUMB {"event":"frame_catchup_capped","frame_seconds":0.1}
2026-08-02T06:47:35.991 INFO     [pid=5555 thread=MainThread] BREADCRUMB {"event":"frame_catchup_capped","frame_seconds":0.1}
2026-08-02T06:47:36.715 INFO     [pid=5555 thread=MainThread] BREADCRUMB {"event":"frame_catchup_capped","frame_seconds":0.1}
2026-08-02T06:47:37.467 INFO     [pid=5555 thread=MainThread] BREADCRUMB {"event":"frame_catchup_capped","frame_seconds":0.1}
2026-08-02T06:47:38.246 INFO     [pid=5555 thread=MainThread] BREADCRUMB {"event":"frame_catchup_capped","frame_seconds":0.1}
2026-08-02T06:47:38.934 INFO     [pid=5555 thread=MainThread] BREADCRUMB {"event":"frame_catchup_capped","frame_seconds":0.1}
2026-08-02T06:47:39.575 INFO     [pid=5555 thread=MainThread] BREADCRUMB {"event":"frame_catchup_capped","frame_seconds":0.1}
2026-08-02T06:47:40.228 INFO     [pid=5555 thread=MainThread] BREADCRUMB {"event":"frame_catchup_capped","frame_seconds":0.1}
2026-08-02T06:47:40.866 INFO     [pid=5555 thread=MainThread] BREADCRUMB {"event":"frame_catchup_capped","frame_seconds":0.1}
2026-08-02T06:47:41.486 INFO     [pid=5555 thread=MainThread] BREADCRUMB {"event":"frame_catchup_capped","frame_seconds":0.1}
2026-08-02T06:47:42.088 INFO     [pid=5555 thread=MainThread] BREADCRUMB {"event":"frame_catchup_capped","frame_seconds":0.1}
2026-08-02T06:47:42.722 INFO     [pid=5555 thread=MainThread] BREADCRUMB {"event":"frame_catchup_capped","frame_seconds":0.1}
2026-08-02T06:47:43.345 INFO     [pid=5555 thread=MainThread] BREADCRUMB {"event":"frame_catchup_capped","frame_seconds":0.1}
2026-08-02T06:47:44.032 INFO     [pid=5555 thread=MainThread] BREADCRUMB {"event":"frame_catchup_capped","frame_seconds":0.1}
2026-08-02T06:47:44.649 INFO     [pid=5555 thread=MainThread] BREADCRUMB {"event":"frame_catchup_capped","frame_seconds":0.1}
2026-08-02T06:47:45.355 INFO     [pid=5555 thread=MainThread] BREADCRUMB {"event":"frame_catchup_capped","frame_seconds":0.1}
2026-08-02T06:47:45.988 INFO     [pid=5555 thread=MainThread] BREADCRUMB {"event":"frame_catchup_capped","frame_seconds":0.1}
2026-08-02T06:47:46.644 INFO     [pid=5555 thread=MainThread] BREADCRUMB {"event":"frame_catchup_capped","frame_seconds":0.1}
2026-08-02T06:47:47.309 INFO     [pid=5555 thread=MainThread] BREADCRUMB {"event":"frame_catchup_capped","frame_seconds":0.1}
2026-08-02T06:47:47.962 INFO     [pid=5555 thread=MainThread] BREADCRUMB {"event":"frame_catchup_capped","frame_seconds":0.1}
2026-08-02T06:47:48.612 INFO     [pid=5555 thread=MainThread] BREADCRUMB {"event":"frame_catchup_capped","frame_seconds":0.1}
2026-08-02T06:47:49.304 INFO     [pid=5555 thread=MainThread] BREADCRUMB {"event":"frame_catchup_capped","frame_seconds":0.1}
2026-08-02T06:47:49.945 INFO     [pid=5555 thread=MainThread] BREADCRUMB {"event":"frame_catchup_capped","frame_seconds":0.1}
2026-08-02T06:47:50.589 INFO     [pid=5555 thread=MainThread] BREADCRUMB {"event":"frame_catchup_capped","frame_seconds":0.1}
2026-08-02T06:47:51.263 INFO     [pid=5555 thread=MainThread] BREADCRUMB {"event":"frame_catchup_capped","frame_seconds":0.1}
2026-08-02T06:47:51.923 INFO     [pid=5555 thread=MainThread] BREADCRUMB {"event":"frame_catchup_capped","frame_seconds":0.1}
2026-08-02T06:47:52.657 INFO     [pid=5555 thread=MainThread] BREADCRUMB {"event":"frame_catchup_capped","frame_seconds":0.1}
2026-08-02T06:47:53.330 INFO     [pid=5555 thread=MainThread] BREADCRUMB {"event":"frame_catchup_capped","frame_seconds":0.1}
2026-08-02T06:47:54.079 INFO     [pid=5555 thread=MainThread] BREADCRUMB {"event":"frame_catchup_capped","frame_seconds":0.1}
2026-08-02T06:47:54.896 INFO     [pid=5555 thread=MainThread] BREADCRUMB {"event":"frame_catchup_capped","frame_seconds":0.1}
2026-08-02T06:47:55.569 INFO     [pid=5555 thread=MainThread] BREADCRUMB {"event":"frame_catchup_capped","frame_seconds":0.1}
2026-08-02T06:47:56.289 INFO     [pid=5555 thread=MainThread] BREADCRUMB {"event":"frame_catchup_capped","frame_seconds":0.1}
2026-08-02T06:47:56.959 INFO     [pid=5555 thread=MainThread] BREADCRUMB {"event":"frame_catchup_capped","frame_seconds":0.1}
2026-08-02T06:47:57.555 INFO     [pid=5555 thread=MainThread] BREADCRUMB {"event":"frame_catchup_capped","frame_seconds":0.1}
2026-08-02T06:47:58.211 INFO     [pid=5555 thread=MainThread] BREADCRUMB {"event":"frame_catchup_capped","frame_seconds":0.1}
2026-08-02T06:47:58.823 INFO     [pid=5555 thread=MainThread] BREADCRUMB {"event":"frame_catchup_capped","frame_seconds":0.1}
2026-08-02T06:47:59.424 INFO     [pid=5555 thread=MainThread] BREADCRUMB {"event":"frame_catchup_capped","frame_seconds":0.1}
2026-08-02T06:48:00.128 INFO     [pid=5555 thread=MainThread] BREADCRUMB {"event":"frame_catchup_capped","frame_seconds":0.1}
2026-08-02T06:48:00.782 INFO     [pid=5555 thread=MainThread] BREADCRUMB {"event":"frame_catchup_capped","frame_seconds":0.1}
2026-08-02T06:48:01.445 INFO     [pid=5555 thread=MainThread] BREADCRUMB {"event":"frame_catchup_capped","frame_seconds":0.1}
2026-08-02T06:48:02.164 INFO     [pid=5555 thread=MainThread] BREADCRUMB {"event":"frame_catchup_capped","frame_seconds":0.1}
2026-08-02T06:48:02.837 INFO     [pid=5555 thread=MainThread] BREADCRUMB {"event":"frame_catchup_capped","frame_seconds":0.1}
2026-08-02T06:48:03.485 INFO     [pid=5555 thread=MainThread] BREADCRUMB {"event":"frame_catchup_capped","frame_seconds":0.1}
2026-08-02T06:48:04.079 INFO     [pid=5555 thread=MainThread] BREADCRUMB {"event":"frame_catchup_capped","frame_seconds":0.1}
2026-08-02T06:48:04.689 INFO     [pid=5555 thread=MainThread] BREADCRUMB {"event":"frame_catchup_capped","frame_seconds":0.1}
2026-08-02T06:48:05.298 INFO     [pid=5555 thread=MainThread] BREADCRUMB {"event":"frame_catchup_capped","frame_seconds":0.1}
2026-08-02T06:48:05.882 INFO     [pid=5555 thread=MainThread] BREADCRUMB {"event":"frame_catchup_capped","frame_seconds":0.1}
2026-08-02T06:48:06.504 INFO     [pid=5555 thread=MainThread] BREADCRUMB {"event":"frame_catchup_capped","frame_seconds":0.1}
2026-08-02T06:48:07.127 INFO     [pid=5555 thread=MainThread] BREADCRUMB {"event":"frame_catchup_capped","frame_seconds":0.1}
2026-08-02T06:48:07.714 INFO     [pid=5555 thread=MainThread] BREADCRUMB {"event":"frame_catchup_capped","frame_seconds":0.1}
2026-08-02T06:48:08.301 INFO     [pid=5555 thread=MainThread] BREADCRUMB {"event":"frame_catchup_capped","frame_seconds":0.1}
2026-08-02T06:48:08.934 INFO     [pid=5555 thread=MainThread] BREADCRUMB {"event":"frame_catchup_capped","frame_seconds":0.1}
2026-08-02T06:48:09.523 INFO     [pid=5555 thread=MainThread] BREADCRUMB {"event":"frame_catchup_capped","frame_seconds":0.1}
2026-08-02T06:48:10.125 INFO     [pid=5555 thread=MainThread] BREADCRUMB {"event":"frame_catchup_capped","frame_seconds":0.1}
2026-08-02T06:48:10.747 INFO     [pid=5555 thread=MainThread] BREADCRUMB {"event":"frame_catchup_capped","frame_seconds":0.1}
2026-08-02T06:48:11.380 INFO     [pid=5555 thread=MainThread] BREADCRUMB {"event":"frame_catchup_capped","frame_seconds":0.1}
2026-08-02T06:48:11.991 INFO     [pid=5555 thread=MainThread] BREADCRUMB {"event":"frame_catchup_capped","frame_seconds":0.1}
2026-08-02T06:48:12.594 INFO     [pid=5555 thread=MainThread] BREADCRUMB {"event":"frame_catchup_capped","frame_seconds":0.1}
2026-08-02T06:48:13.218 INFO     [pid=5555 thread=MainThread] BREADCRUMB {"event":"frame_catchup_capped","frame_seconds":0.1}
2026-08-02T06:48:13.891 INFO     [pid=5555 thread=MainThread] BREADCRUMB {"event":"frame_catchup_capped","frame_seconds":0.1}
2026-08-02T06:48:14.540 INFO     [pid=5555 thread=MainThread] BREADCRUMB {"event":"frame_catchup_capped","frame_seconds":0.1}
2026-08-02T06:48:15.208 INFO     [pid=5555 thread=MainThread] BREADCRUMB {"event":"frame_catchup_capped","frame_seconds":0.1}
2026-08-02T06:48:15.827 INFO     [pid=5555 thread=MainThread] BREADCRUMB {"event":"frame_catchup_capped","frame_seconds":0.1}
2026-08-02T06:48:16.461 INFO     [pid=5555 thread=MainThread] BREADCRUMB {"event":"frame_catchup_capped","frame_seconds":0.1}
2026-08-02T06:48:17.182 INFO     [pid=5555 thread=MainThread] BREADCRUMB {"event":"frame_catchup_capped","frame_seconds":0.1}
2026-08-02T06:48:17.864 INFO     [pid=5555 thread=MainThread] BREADCRUMB {"event":"frame_catchup_capped","frame_seconds":0.1}
2026-08-02T06:48:18.509 INFO     [pid=5555 thread=MainThread] BREADCRUMB {"event":"frame_catchup_capped","frame_seconds":0.1}
2026-08-02T06:48:19.121 INFO     [pid=5555 thread=MainThread] BREADCRUMB {"event":"frame_catchup_capped","frame_seconds":0.1}
2026-08-02T06:48:19.748 INFO     [pid=5555 thread=MainThread] BREADCRUMB {"event":"frame_catchup_capped","frame_seconds":0.1}
2026-08-02T06:48:20.370 INFO     [pid=5555 thread=MainThread] BREADCRUMB {"event":"frame_catchup_capped","frame_seconds":0.1}
2026-08-02T06:48:20.973 INFO     [pid=5555 thread=MainThread] BREADCRUMB {"event":"frame_catchup_capped","frame_seconds":0.1}
2026-08-02T06:48:21.609 INFO     [pid=5555 thread=MainThread] BREADCRUMB {"event":"frame_catchup_capped","frame_seconds":0.1}
2026-08-02T06:48:22.204 INFO     [pid=5555 thread=MainThread] BREADCRUMB {"event":"frame_catchup_capped","frame_seconds":0.1}
2026-08-02T06:48:22.792 INFO     [pid=5555 thread=MainThread] BREADCRUMB {"event":"frame_catchup_capped","frame_seconds":0.1}
2026-08-02T06:48:23.426 INFO     [pid=5555 thread=MainThread] BREADCRUMB {"event":"frame_catchup_capped","frame_seconds":0.1}
2026-08-02T06:48:24.141 INFO     [pid=5555 thread=MainThread] BREADCRUMB {"event":"frame_catchup_capped","frame_seconds":0.1}
2026-08-02T06:48:24.768 INFO     [pid=5555 thread=MainThread] BREADCRUMB {"event":"frame_catchup_capped","frame_seconds":0.1}
2026-08-02T06:48:25.403 INFO     [pid=5555 thread=MainThread] BREADCRUMB {"event":"frame_catchup_capped","frame_seconds":0.1}
2026-08-02T06:48:26.025 INFO     [pid=5555 thread=MainThread] BREADCRUMB {"event":"frame_catchup_capped","frame_seconds":0.1}
2026-08-02T06:48:26.822 INFO     [pid=5555 thread=MainThread] BREADCRUMB {"event":"frame_catchup_capped","frame_seconds":0.1}
2026-08-02T06:48:27.598 INFO     [pid=5555 thread=MainThread] BREADCRUMB {"event":"frame_catchup_capped","frame_seconds":0.1}
2026-08-02T06:48:28.367 INFO     [pid=5555 thread=MainThread] BREADCRUMB {"event":"frame_catchup_capped","frame_seconds":0.1}
2026-08-02T06:48:29.156 INFO     [pid=5555 thread=MainThread] BREADCRUMB {"event":"frame_catchup_capped","frame_seconds":0.1}
2026-08-02T06:48:29.878 INFO     [pid=5555 thread=MainThread] BREADCRUMB {"event":"frame_catchup_capped","frame_seconds":0.1}
2026-08-02T06:48:30.669 INFO     [pid=5555 thread=MainThread] BREADCRUMB {"event":"frame_catchup_capped","frame_seconds":0.1}
2026-08-02T06:48:31.528 INFO     [pid=5555 thread=MainThread] BREADCRUMB {"event":"frame_catchup_capped","frame_seconds":0.1}
2026-08-02T06:48:32.380 INFO     [pid=5555 thread=MainThread] BREADCRUMB {"event":"frame_catchup_capped","frame_seconds":0.1}
2026-08-02T06:48:33.116 INFO     [pid=5555 thread=MainThread] BREADCRUMB {"event":"frame_catchup_capped","frame_seconds":0.1}
2026-08-02T06:48:33.837 INFO     [pid=5555 thread=MainThread] BREADCRUMB {"event":"frame_catchup_capped","frame_seconds":0.1}
2026-08-02T06:48:34.488 INFO     [pid=5555 thread=MainThread] BREADCRUMB {"event":"frame_catchup_capped","frame_seconds":0.1}
2026-08-02T06:48:35.088 INFO     [pid=5555 thread=MainThread] BREADCRUMB {"event":"frame_catchup_capped","frame_seconds":0.1}
2026-08-02T06:48:35.703 INFO     [pid=5555 thread=MainThread] BREADCRUMB {"event":"frame_catchup_capped","frame_seconds":0.1}
2026-08-02T06:48:36.341 INFO     [pid=5555 thread=MainThread] BREADCRUMB {"event":"frame_catchup_capped","frame_seconds":0.1}
2026-08-02T06:48:36.975 INFO     [pid=5555 thread=MainThread] BREADCRUMB {"event":"frame_catchup_capped","frame_seconds":0.1}
2026-08-02T06:48:37.576 INFO     [pid=5555 thread=MainThread] BREADCRUMB {"event":"frame_catchup_capped","frame_seconds":0.1}
2026-08-02T06:48:38.216 INFO     [pid=5555 thread=MainThread] BREADCRUMB {"event":"frame_catchup_capped","frame_seconds":0.1}
2026-08-02T06:48:38.876 INFO     [pid=5555 thread=MainThread] BREADCRUMB {"event":"frame_catchup_capped","frame_seconds":0.1}
2026-08-02T06:48:39.494 INFO     [pid=5555 thread=MainThread] BREADCRUMB {"event":"frame_catchup_capped","frame_seconds":0.1}
2026-08-02T06:48:40.135 INFO     [pid=5555 thread=MainThread] BREADCRUMB {"event":"frame_catchup_capped","frame_seconds":0.1}
2026-08-02T06:48:40.743 INFO     [pid=5555 thread=MainThread] BREADCRUMB {"event":"frame_catchup_capped","frame_seconds":0.1}
2026-08-02T06:48:41.354 INFO     [pid=5555 thread=MainThread] BREADCRUMB {"event":"frame_catchup_capped","frame_seconds":0.1}
2026-08-02T06:48:41.985 INFO     [pid=5555 thread=MainThread] BREADCRUMB {"event":"frame_catchup_capped","frame_seconds":0.1}
2026-08-02T06:48:42.587 INFO     [pid=5555 thread=MainThread] BREADCRUMB {"event":"frame_catchup_capped","frame_seconds":0.1}
2026-08-02T06:48:43.191 INFO     [pid=5555 thread=MainThread] BREADCRUMB {"event":"frame_catchup_capped","frame_seconds":0.1}
2026-08-02T06:48:43.839 INFO     [pid=5555 thread=MainThread] BREADCRUMB {"event":"frame_catchup_capped","frame_seconds":0.1}
2026-08-02T06:48:44.692 INFO     [pid=5555 thread=MainThread] BREADCRUMB {"event":"frame_catchup_capped","frame_seconds":0.1}
2026-08-02T06:48:45.436 INFO     [pid=5555 thread=MainThread] BREADCRUMB {"event":"frame_catchup_capped","frame_seconds":0.1}
2026-08-02T06:48:46.029 INFO     [pid=5555 thread=MainThread] BREADCRUMB {"event":"frame_catchup_capped","frame_seconds":0.1}
2026-08-02T06:48:46.668 INFO     [pid=5555 thread=MainThread] BREADCRUMB {"event":"frame_catchup_capped","frame_seconds":0.1}
2026-08-02T06:48:47.303 INFO     [pid=5555 thread=MainThread] BREADCRUMB {"event":"frame_catchup_capped","frame_seconds":0.1}
2026-08-02T06:48:47.906 INFO     [pid=5555 thread=MainThread] BREADCRUMB {"event":"frame_catchup_capped","frame_seconds":0.1}
2026-08-02T06:48:48.539 INFO     [pid=5555 thread=MainThread] BREADCRUMB {"event":"frame_catchup_capped","frame_seconds":0.1}
2026-08-02T06:48:49.157 INFO     [pid=5555 thread=MainThread] BREADCRUMB {"event":"frame_catchup_capped","frame_seconds":0.1}
2026-08-02T06:48:49.759 INFO     [pid=5555 thread=MainThread] BREADCRUMB {"event":"frame_catchup_capped","frame_seconds":0.1}
2026-08-02T06:48:50.389 INFO     [pid=5555 thread=MainThread] BREADCRUMB {"event":"frame_catchup_capped","frame_seconds":0.1}
2026-08-02T06:48:51.007 INFO     [pid=5555 thread=MainThread] BREADCRUMB {"event":"frame_catchup_capped","frame_seconds":0.1}
2026-08-02T06:48:51.598 INFO     [pid=5555 thread=MainThread] BREADCRUMB {"event":"frame_catchup_capped","frame_seconds":0.1}
2026-08-02T06:48:52.210 INFO     [pid=5555 thread=MainThread] BREADCRUMB {"event":"frame_catchup_capped","frame_seconds":0.1}
2026-08-02T06:48:52.903 INFO     [pid=5555 thread=MainThread] BREADCRUMB {"event":"frame_catchup_capped","frame_seconds":0.1}
2026-08-02T06:48:53.641 INFO     [pid=5555 thread=MainThread] BREADCRUMB {"event":"frame_catchup_capped","frame_seconds":0.1}
2026-08-02T06:48:54.299 INFO     [pid=5555 thread=MainThread] BREADCRUMB {"event":"frame_catchup_capped","frame_seconds":0.1}
2026-08-02T06:48:54.946 INFO     [pid=5555 thread=MainThread] BREADCRUMB {"event":"frame_catchup_capped","frame_seconds":0.1}
2026-08-02T06:48:55.575 INFO     [pid=5555 thread=MainThread] BREADCRUMB {"event":"frame_catchup_capped","frame_seconds":0.1}
2026-08-02T06:48:56.169 INFO     [pid=5555 thread=MainThread] BREADCRUMB {"event":"frame_catchup_capped","frame_seconds":0.1}
2026-08-02T06:48:56.804 INFO     [pid=5555 thread=MainThread] BREADCRUMB {"event":"frame_catchup_capped","frame_seconds":0.1}
2026-08-02T06:48:57.444 INFO     [pid=5555 thread=MainThread] BREADCRUMB {"event":"frame_catchup_capped","frame_seconds":0.1}
2026-08-02T06:48:58.040 INFO     [pid=5555 thread=MainThread] BREADCRUMB {"event":"frame_catchup_capped","frame_seconds":0.1}
2026-08-02T06:48:58.649 INFO     [pid=5555 thread=MainThread] BREADCRUMB {"event":"frame_catchup_capped","frame_seconds":0.1}
2026-08-02T06:48:59.273 INFO     [pid=5555 thread=MainThread] BREADCRUMB {"event":"frame_catchup_capped","frame_seconds":0.1}
2026-08-02T06:48:59.887 INFO     [pid=5555 thread=MainThread] BREADCRUMB {"event":"frame_catchup_capped","frame_seconds":0.1}
2026-08-02T06:49:00.525 INFO     [pid=5555 thread=MainThread] BREADCRUMB {"event":"frame_catchup_capped","frame_seconds":0.1}
2026-08-02T06:49:01.171 INFO     [pid=5555 thread=MainThread] BREADCRUMB {"event":"frame_catchup_capped","frame_seconds":0.1}
2026-08-02T06:49:01.775 INFO     [pid=5555 thread=MainThread] BREADCRUMB {"event":"frame_catchup_capped","frame_seconds":0.1}
2026-08-02T06:49:02.358 INFO     [pid=5555 thread=MainThread] BREADCRUMB {"event":"frame_catchup_capped","frame_seconds":0.1}
2026-08-02T06:49:02.936 INFO     [pid=5555 thread=MainThread] BREADCRUMB {"event":"frame_catchup_capped","frame_seconds":0.1}
2026-08-02T06:49:03.516 INFO     [pid=5555 thread=MainThread] BREADCRUMB {"event":"frame_catchup_capped","frame_seconds":0.1}
2026-08-02T06:49:04.103 INFO     [pid=5555 thread=MainThread] BREADCRUMB {"event":"frame_catchup_capped","frame_seconds":0.1}
2026-08-02T06:49:04.691 INFO     [pid=5555 thread=MainThread] BREADCRUMB {"event":"frame_catchup_capped","frame_seconds":0.1}
2026-08-02T06:49:05.307 INFO     [pid=5555 thread=MainThread] BREADCRUMB {"event":"frame_catchup_capped","frame_seconds":0.1}
2026-08-02T06:49:05.896 INFO     [pid=5555 thread=MainThread] BREADCRUMB {"event":"frame_catchup_capped","frame_seconds":0.1}
2026-08-02T06:49:06.524 INFO     [pid=5555 thread=MainThread] BREADCRUMB {"event":"frame_catchup_capped","frame_seconds":0.1}
2026-08-02T06:49:07.137 INFO     [pid=5555 thread=MainThread] BREADCRUMB {"event":"frame_catchup_capped","frame_seconds":0.1}
2026-08-02T06:49:07.752 INFO     [pid=5555 thread=MainThread] BREADCRUMB {"event":"frame_catchup_capped","frame_seconds":0.1}
2026-08-02T06:49:08.378 INFO     [pid=5555 thread=MainThread] BREADCRUMB {"event":"frame_catchup_capped","frame_seconds":0.1}
2026-08-02T06:49:08.976 INFO     [pid=5555 thread=MainThread] BREADCRUMB {"event":"frame_catchup_capped","frame_seconds":0.1}
2026-08-02T06:49:09.591 INFO     [pid=5555 thread=MainThread] BREADCRUMB {"event":"frame_catchup_capped","frame_seconds":0.1}
2026-08-02T06:49:10.228 INFO     [pid=5555 thread=MainThread] BREADCRUMB {"event":"frame_catchup_capped","frame_seconds":0.1}
2026-08-02T06:49:10.868 INFO     [pid=5555 thread=MainThread] BREADCRUMB {"event":"frame_catchup_capped","frame_seconds":0.1}
2026-08-02T06:49:11.602 INFO     [pid=5555 thread=MainThread] BREADCRUMB {"event":"frame_catchup_capped","frame_seconds":0.1}
2026-08-02T06:49:12.282 INFO     [pid=5555 thread=MainThread] BREADCRUMB {"event":"frame_catchup_capped","frame_seconds":0.1}
2026-08-02T06:49:12.970 INFO     [pid=5555 thread=MainThread] BREADCRUMB {"event":"frame_catchup_capped","frame_seconds":0.1}
2026-08-02T06:49:13.599 INFO     [pid=5555 thread=MainThread] BREADCRUMB {"event":"frame_catchup_capped","frame_seconds":0.1}
2026-08-02T06:49:14.276 INFO     [pid=5555 thread=MainThread] BREADCRUMB {"event":"frame_catchup_capped","frame_seconds":0.1}
2026-08-02T06:49:14.891 INFO     [pid=5555 thread=MainThread] BREADCRUMB {"event":"frame_catchup_capped","frame_seconds":0.1}
2026-08-02T06:49:15.557 INFO     [pid=5555 thread=MainThread] BREADCRUMB {"event":"frame_catchup_capped","frame_seconds":0.1}
2026-08-02T06:49:16.175 INFO     [pid=5555 thread=MainThread] BREADCRUMB {"event":"frame_catchup_capped","frame_seconds":0.1}
2026-08-02T06:49:16.880 INFO     [pid=5555 thread=MainThread] BREADCRUMB {"event":"frame_catchup_capped","frame_seconds":0.1}
2026-08-02T06:49:17.535 INFO     [pid=5555 thread=MainThread] BREADCRUMB {"event":"frame_catchup_capped","frame_seconds":0.1}
2026-08-02T06:49:18.194 INFO     [pid=5555 thread=MainThread] BREADCRUMB {"event":"frame_catchup_capped","frame_seconds":0.1}
2026-08-02T06:49:18.914 INFO     [pid=5555 thread=MainThread] BREADCRUMB {"event":"frame_catchup_capped","frame_seconds":0.1}
2026-08-02T06:49:19.538 INFO     [pid=5555 thread=MainThread] BREADCRUMB {"event":"frame_catchup_capped","frame_seconds":0.1}
2026-08-02T06:49:20.234 INFO     [pid=5555 thread=MainThread] BREADCRUMB {"event":"frame_catchup_capped","frame_seconds":0.1}
2026-08-02T06:49:20.908 INFO     [pid=5555 thread=MainThread] BREADCRUMB {"event":"frame_catchup_capped","frame_seconds":0.1}
2026-08-02T06:49:21.555 INFO     [pid=5555 thread=MainThread] BREADCRUMB {"event":"frame_catchup_capped","frame_seconds":0.1}
2026-08-02T06:49:22.241 INFO     [pid=5555 thread=MainThread] BREADCRUMB {"event":"frame_catchup_capped","frame_seconds":0.1}
2026-08-02T06:49:22.893 INFO     [pid=5555 thread=MainThread] BREADCRUMB {"event":"frame_catchup_capped","frame_seconds":0.1}
2026-08-02T06:49:23.594 INFO     [pid=5555 thread=MainThread] BREADCRUMB {"event":"frame_catchup_capped","frame_seconds":0.1}
2026-08-02T06:49:24.315 INFO     [pid=5555 thread=MainThread] BREADCRUMB {"event":"frame_catchup_capped","frame_seconds":0.1}
2026-08-02T06:49:24.986 INFO     [pid=5555 thread=MainThread] BREADCRUMB {"event":"frame_catchup_capped","frame_seconds":0.1}
2026-08-02T06:49:25.723 INFO     [pid=5555 thread=MainThread] BREADCRUMB {"event":"frame_catchup_capped","frame_seconds":0.1}
2026-08-02T06:49:26.403 INFO     [pid=5555 thread=MainThread] BREADCRUMB {"event":"frame_catchup_capped","frame_seconds":0.1}
2026-08-02T06:49:27.066 INFO     [pid=5555 thread=MainThread] BREADCRUMB {"event":"frame_catchup_capped","frame_seconds":0.1}
2026-08-02T06:49:27.711 INFO     [pid=5555 thread=MainThread] BREADCRUMB {"event":"frame_catchup_capped","frame_seconds":0.1}
2026-08-02T06:49:28.323 INFO     [pid=5555 thread=MainThread] BREADCRUMB {"event":"frame_catchup_capped","frame_seconds":0.1}
2026-08-02T06:49:28.944 INFO     [pid=5555 thread=MainThread] BREADCRUMB {"event":"frame_catchup_capped","frame_seconds":0.1}
2026-08-02T06:49:29.581 INFO     [pid=5555 thread=MainThread] BREADCRUMB {"event":"frame_catchup_capped","frame_seconds":0.1}
2026-08-02T06:49:30.191 INFO     [pid=5555 thread=MainThread] BREADCRUMB {"event":"frame_catchup_capped","frame_seconds":0.1}
2026-08-02T06:49:30.802 INFO     [pid=5555 thread=MainThread] BREADCRUMB {"event":"frame_catchup_capped","frame_seconds":0.1}
2026-08-02T06:49:31.401 INFO     [pid=5555 thread=MainThread] BREADCRUMB {"event":"frame_catchup_capped","frame_seconds":0.1}
2026-08-02T06:49:32.032 INFO     [pid=5555 thread=MainThread] BREADCRUMB {"event":"frame_catchup_capped","frame_seconds":0.1}
2026-08-02T06:49:32.657 INFO     [pid=5555 thread=MainThread] BREADCRUMB {"event":"frame_catchup_capped","frame_seconds":0.1}
2026-08-02T06:49:33.264 INFO     [pid=5555 thread=MainThread] BREADCRUMB {"event":"frame_catchup_capped","frame_seconds":0.1}
2026-08-02T06:49:33.986 INFO     [pid=5555 thread=MainThread] BREADCRUMB {"event":"frame_catchup_capped","frame_seconds":0.1}
2026-08-02T06:49:34.690 INFO     [pid=5555 thread=MainThread] BREADCRUMB {"event":"frame_catchup_capped","frame_seconds":0.1}
2026-08-02T06:49:35.323 INFO     [pid=5555 thread=MainThread] BREADCRUMB {"event":"frame_catchup_capped","frame_seconds":0.1}
2026-08-02T06:49:35.992 INFO     [pid=5555 thread=MainThread] BREADCRUMB {"event":"frame_catchup_capped","frame_seconds":0.1}
2026-08-02T06:49:36.690 INFO     [pid=5555 thread=MainThread] BREADCRUMB {"event":"frame_catchup_capped","frame_seconds":0.1}
2026-08-02T06:49:37.365 INFO     [pid=5555 thread=MainThread] BREADCRUMB {"event":"frame_catchup_capped","frame_seconds":0.1}
2026-08-02T06:49:37.987 INFO     [pid=5555 thread=MainThread] BREADCRUMB {"event":"frame_catchup_capped","frame_seconds":0.1}
2026-08-02T06:49:38.607 INFO     [pid=5555 thread=MainThread] BREADCRUMB {"event":"frame_catchup_capped","frame_seconds":0.1}
2026-08-02T06:49:39.204 INFO     [pid=5555 thread=MainThread] BREADCRUMB {"event":"frame_catchup_capped","frame_seconds":0.1}
2026-08-02T06:49:39.830 INFO     [pid=5555 thread=MainThread] BREADCRUMB {"event":"frame_catchup_capped","frame_seconds":0.1}
2026-08-02T06:49:40.469 INFO     [pid=5555 thread=MainThread] BREADCRUMB {"event":"frame_catchup_capped","frame_seconds":0.1}
2026-08-02T06:49:41.056 INFO     [pid=5555 thread=MainThread] BREADCRUMB {"event":"frame_catchup_capped","frame_seconds":0.1}
2026-08-02T06:49:41.663 INFO     [pid=5555 thread=MainThread] BREADCRUMB {"event":"frame_catchup_capped","frame_seconds":0.1}
2026-08-02T06:49:42.287 INFO     [pid=5555 thread=MainThread] BREADCRUMB {"event":"frame_catchup_capped","frame_seconds":0.1}
2026-08-02T06:49:42.910 INFO     [pid=5555 thread=MainThread] BREADCRUMB {"event":"frame_catchup_capped","frame_seconds":0.1}
2026-08-02T06:49:43.613 INFO     [pid=5555 thread=MainThread] BREADCRUMB {"event":"frame_catchup_capped","frame_seconds":0.1}
